PRAGMA foreign_keys=OFF;
BEGIN TRANSACTION;
CREATE TABLE IF NOT EXISTS "django_migrations" ("id" integer NOT NULL PRIMARY KEY AUTOINCREMENT, "app" varchar(255) NOT NULL, "name" varchar(255) NOT NULL, "applied" datetime NOT NULL);
INSERT INTO django_migrations VALUES(1,'contenttypes','0001_initial','2024-03-05 01:53:37.418218');
INSERT INTO django_migrations VALUES(2,'auth','0001_initial','2024-03-05 01:53:37.446133');
INSERT INTO django_migrations VALUES(3,'admin','0001_initial','2024-03-05 01:53:37.475543');
INSERT INTO django_migrations VALUES(4,'admin','0002_logentry_remove_auto_add','2024-03-05 01:53:37.499488');
INSERT INTO django_migrations VALUES(5,'admin','0003_logentry_add_action_flag_choices','2024-03-05 01:53:37.514804');
INSERT INTO django_migrations VALUES(6,'contenttypes','0002_remove_content_type_name','2024-03-05 01:53:37.549989');
INSERT INTO django_migrations VALUES(7,'auth','0002_alter_permission_name_max_length','2024-03-05 01:53:37.579043');
INSERT INTO django_migrations VALUES(8,'auth','0003_alter_user_email_max_length','2024-03-05 01:53:37.599456');
INSERT INTO django_migrations VALUES(9,'auth','0004_alter_user_username_opts','2024-03-05 01:53:37.617441');
INSERT INTO django_migrations VALUES(10,'auth','0005_alter_user_last_login_null','2024-03-05 01:53:37.672294');
INSERT INTO django_migrations VALUES(11,'auth','0006_require_contenttypes_0002','2024-03-05 01:53:37.680274');
INSERT INTO django_migrations VALUES(12,'auth','0007_alter_validators_add_error_messages','2024-03-05 01:53:37.702215');
INSERT INTO django_migrations VALUES(13,'auth','0008_alter_user_username_max_length','2024-03-05 01:53:37.722161');
INSERT INTO django_migrations VALUES(14,'auth','0009_alter_user_last_name_max_length','2024-03-05 01:53:37.741111');
INSERT INTO django_migrations VALUES(15,'auth','0010_alter_group_name_max_length','2024-03-05 01:53:37.760060');
INSERT INTO django_migrations VALUES(16,'auth','0011_update_proxy_permissions','2024-03-05 01:53:37.775039');
INSERT INTO django_migrations VALUES(17,'auth','0012_alter_user_first_name_max_length','2024-03-05 01:53:37.794447');
INSERT INTO django_migrations VALUES(18,'champions','0001_initial','2024-03-05 01:53:37.804233');
INSERT INTO django_migrations VALUES(19,'synergies','0001_initial','2024-03-05 01:53:37.825194');
INSERT INTO django_migrations VALUES(20,'champions','0002_initial','2024-03-05 01:53:37.854084');
INSERT INTO django_migrations VALUES(21,'sessions','0001_initial','2024-03-05 01:53:37.871087');
INSERT INTO django_migrations VALUES(22,'synergies','0002_remove_job_champion_remove_origin_champion','2024-03-05 01:55:53.036604');
INSERT INTO django_migrations VALUES(23,'champions','0003_skill','2024-03-05 02:10:37.144367');
INSERT INTO django_migrations VALUES(24,'champions','0004_champion_skill','2024-03-05 02:25:16.186842');
INSERT INTO django_migrations VALUES(25,'champions','0005_skill_max_mana_skill_start_mana','2024-03-05 02:32:01.973941');
INSERT INTO django_migrations VALUES(26,'synergies','0003_job_champion_origin_champion','2024-03-05 02:35:23.572530');
INSERT INTO django_migrations VALUES(27,'synergies','0004_remove_job_champion_remove_origin_champion_and_more','2024-03-05 02:36:32.740339');
INSERT INTO django_migrations VALUES(28,'champions','0006_remove_champion_dps','2024-03-05 02:47:58.152581');
INSERT INTO django_migrations VALUES(29,'augments','0001_initial','2024-03-05 03:08:30.176903');
INSERT INTO django_migrations VALUES(30,'synergies','0005_alter_job_champion_alter_origin_champion','2024-03-05 04:09:30.147983');
INSERT INTO django_migrations VALUES(31,'portals','0001_initial','2024-03-05 04:10:43.411035');
INSERT INTO django_migrations VALUES(32,'augments','0002_augment_tier','2024-03-05 04:14:54.497981');
INSERT INTO django_migrations VALUES(33,'portals','0002_portal_portal_type','2024-03-05 04:14:54.519923');
INSERT INTO django_migrations VALUES(34,'augments','0003_augment_image','2024-03-05 04:17:26.264180');
INSERT INTO django_migrations VALUES(35,'portals','0003_portal_image','2024-03-05 04:17:26.281136');
INSERT INTO django_migrations VALUES(36,'authtoken','0001_initial','2024-03-05 04:54:30.813218');
INSERT INTO django_migrations VALUES(37,'authtoken','0002_auto_20160226_1747','2024-03-05 04:54:30.876047');
INSERT INTO django_migrations VALUES(38,'authtoken','0003_tokenproxy','2024-03-05 04:54:30.888016');
INSERT INTO django_migrations VALUES(39,'synergies','0006_job_avartar_origin_avartar','2024-03-05 11:31:30.145076');
INSERT INTO django_migrations VALUES(40,'synergies','0007_rename_descriptoin_origin_description','2024-03-05 13:14:19.182598');
INSERT INTO django_migrations VALUES(41,'synergies','0008_rename_descriptoin_job_description','2024-03-05 13:15:31.101781');
INSERT INTO django_migrations VALUES(42,'medias','0001_initial','2024-03-06 10:49:16.303507');
INSERT INTO django_migrations VALUES(43,'augments','0004_remove_augment_image','2024-03-06 10:50:27.839489');
INSERT INTO django_migrations VALUES(44,'champions','0007_remove_champion_avatar_remove_skill_avatar','2024-03-06 10:50:27.883418');
INSERT INTO django_migrations VALUES(45,'portals','0004_remove_portal_image','2024-03-06 10:50:27.904313');
INSERT INTO django_migrations VALUES(46,'synergies','0009_remove_job_avartar_remove_origin_avartar','2024-03-06 10:50:27.944239');
INSERT INTO django_migrations VALUES(47,'medias','0002_alter_photo_augment_alter_photo_champion_and_more','2024-03-06 11:20:50.510518');
INSERT INTO django_migrations VALUES(48,'medias','0003_photo_skill','2024-03-07 01:19:42.018696');
INSERT INTO django_migrations VALUES(49,'medias','0004_alter_photo_job','2024-03-07 01:56:17.549648');
INSERT INTO django_migrations VALUES(50,'medias','0005_alter_photo_job','2024-03-07 01:57:26.126066');
INSERT INTO django_migrations VALUES(51,'comps','0001_initial','2024-03-08 06:36:17.783472');
INSERT INTO django_migrations VALUES(52,'comps','0002_remove_comp_cost_remove_comp_job_remove_comp_origin','2024-03-08 06:39:51.584077');
INSERT INTO django_migrations VALUES(53,'comps','0003_rename_champion_comp_champions','2024-03-08 08:38:52.691306');
INSERT INTO django_migrations VALUES(54,'champions','0008_skill_effect_alter_skill_description','2024-03-09 05:09:14.652001');
INSERT INTO django_migrations VALUES(55,'synergies','0010_job_effect_origin_effect_alter_job_description_and_more','2024-03-10 06:49:23.588812');
INSERT INTO django_migrations VALUES(56,'synergies','0011_remove_job_champion_remove_origin_champion','2024-03-11 10:11:30.139928');
INSERT INTO django_migrations VALUES(57,'synergies','0012_job_champion_origin_champion','2024-03-11 10:12:44.632392');
INSERT INTO django_migrations VALUES(58,'synergies','0013_remove_job_champion_remove_origin_champion','2024-03-11 10:26:59.085258');
INSERT INTO django_migrations VALUES(59,'items','0001_initial','2024-03-14 08:32:43.136950');
INSERT INTO django_migrations VALUES(60,'items','0002_alter_item_effect','2024-03-14 08:34:17.739066');
INSERT INTO django_migrations VALUES(61,'medias','0006_photo_item','2024-03-14 08:39:15.825259');
INSERT INTO django_migrations VALUES(62,'encounters','0001_initial','2024-03-14 09:38:44.033390');
INSERT INTO django_migrations VALUES(63,'medias','0006_photo_encounter','2024-03-14 09:38:44.056830');
INSERT INTO django_migrations VALUES(64,'medias','0007_merge_0006_photo_encounter_0006_photo_item','2024-03-14 09:38:44.061830');
INSERT INTO django_migrations VALUES(65,'items','0003_itemrecipies','2024-03-16 05:37:56.877868');
INSERT INTO django_migrations VALUES(66,'items','0004_alter_itemrecipies_name','2024-03-16 05:40:54.270312');
INSERT INTO django_migrations VALUES(67,'items','0005_rename_itemrecipies_itemrecipe','2024-03-16 05:43:53.664582');
INSERT INTO django_migrations VALUES(68,'items','0006_itemrecipe_result_item','2024-03-16 05:48:50.341939');
INSERT INTO django_migrations VALUES(69,'portals','0005_portaltype_alter_portal_portal_type','2024-03-16 08:38:24.914400');
INSERT INTO django_migrations VALUES(70,'portals','0006_rename_portal_type_portaltype_type','2024-03-16 08:38:24.930590');
INSERT INTO django_migrations VALUES(71,'portals','0007_remove_portaltype_type_portaltype_portaltype','2024-03-16 08:38:24.953531');
INSERT INTO django_migrations VALUES(72,'portals','0008_rename_portaltype_portaltype_portal_type','2024-03-16 08:38:24.968490');
INSERT INTO django_migrations VALUES(73,'medias','0008_alter_photo_portal','2024-03-16 08:38:25.004076');
INSERT INTO django_migrations VALUES(74,'medias','0009_alter_photo_portal','2024-03-16 08:38:25.037260');
INSERT INTO django_migrations VALUES(75,'medias','0010_alter_photo_portal','2024-03-16 08:41:12.907183');
INSERT INTO django_migrations VALUES(76,'items','0007_item_composition1_item_composition2_item_tags_and_more','2024-03-17 05:14:53.483339');
INSERT INTO django_migrations VALUES(77,'items','0008_alter_item_tags','2024-03-17 05:15:33.482034');
INSERT INTO django_migrations VALUES(78,'items','0009_item_ingamekey','2024-03-17 05:19:26.816779');
INSERT INTO django_migrations VALUES(79,'items','0010_item_key','2024-03-17 05:23:47.967146');
INSERT INTO django_migrations VALUES(80,'items','0011_item_imageurl','2024-03-17 05:33:48.351438');
INSERT INTO django_migrations VALUES(81,'items','0012_alter_item_tags','2024-03-17 05:40:51.140854');
CREATE TABLE IF NOT EXISTS "auth_group_permissions" ("id" integer NOT NULL PRIMARY KEY AUTOINCREMENT, "group_id" integer NOT NULL REFERENCES "auth_group" ("id") DEFERRABLE INITIALLY DEFERRED, "permission_id" integer NOT NULL REFERENCES "auth_permission" ("id") DEFERRABLE INITIALLY DEFERRED);
CREATE TABLE IF NOT EXISTS "auth_user_groups" ("id" integer NOT NULL PRIMARY KEY AUTOINCREMENT, "user_id" integer NOT NULL REFERENCES "auth_user" ("id") DEFERRABLE INITIALLY DEFERRED, "group_id" integer NOT NULL REFERENCES "auth_group" ("id") DEFERRABLE INITIALLY DEFERRED);
CREATE TABLE IF NOT EXISTS "auth_user_user_permissions" ("id" integer NOT NULL PRIMARY KEY AUTOINCREMENT, "user_id" integer NOT NULL REFERENCES "auth_user" ("id") DEFERRABLE INITIALLY DEFERRED, "permission_id" integer NOT NULL REFERENCES "auth_permission" ("id") DEFERRABLE INITIALLY DEFERRED);
CREATE TABLE IF NOT EXISTS "django_admin_log" ("id" integer NOT NULL PRIMARY KEY AUTOINCREMENT, "object_id" text NULL, "object_repr" varchar(200) NOT NULL, "action_flag" smallint unsigned NOT NULL CHECK ("action_flag" >= 0), "change_message" text NOT NULL, "content_type_id" integer NULL REFERENCES "django_content_type" ("id") DEFERRABLE INITIALLY DEFERRED, "user_id" integer NOT NULL REFERENCES "auth_user" ("id") DEFERRABLE INITIALLY DEFERRED, "action_time" datetime NOT NULL);
INSERT INTO django_admin_log VALUES(1,'1','드라이어드',1,'[{"added": {}}]',9,1,'2024-03-05 01:56:25.686672');
INSERT INTO django_admin_log VALUES(2,'1','괴수',1,'[{"added": {}}]',8,1,'2024-03-05 01:57:11.934868');
INSERT INTO django_admin_log VALUES(3,'1','오른',1,'[{"added": {}}]',7,1,'2024-03-05 01:58:13.501907');
INSERT INTO django_admin_log VALUES(4,'1','Skill object (1)',1,'[{"added": {}}]',10,1,'2024-03-05 02:11:11.679174');
INSERT INTO django_admin_log VALUES(5,'1','오른',2,'[{"changed": {"fields": ["Skill"]}}]',7,1,'2024-03-05 02:25:50.733479');
INSERT INTO django_admin_log VALUES(6,'1','숲의 대장간',2,'[{"changed": {"fields": ["Start mana", "Max mana"]}}]',10,1,'2024-03-05 02:32:38.062943');
INSERT INTO django_admin_log VALUES(7,'1','괴수',2,'[{"changed": {"fields": ["Champion"]}}]',8,1,'2024-03-05 02:35:31.855573');
INSERT INTO django_admin_log VALUES(8,'1','괴수',2,'[{"changed": {"fields": ["Champion"]}}]',8,1,'2024-03-05 02:36:46.597400');
INSERT INTO django_admin_log VALUES(9,'1','드라이어드',2,'[{"changed": {"fields": ["Champion"]}}]',9,1,'2024-03-05 02:37:02.267343');
INSERT INTO django_admin_log VALUES(10,'1','오른',2,'[{"changed": {"fields": ["Attack speed"]}}]',7,1,'2024-03-05 02:48:10.202480');
INSERT INTO django_admin_log VALUES(11,'1','오른',2,'[{"changed": {"fields": ["Attack speed"]}}]',7,1,'2024-03-05 02:48:17.889048');
INSERT INTO django_admin_log VALUES(12,'1','3에 깃든 힘 I',1,'[{"added": {}}]',11,1,'2024-03-05 04:18:16.790575');
INSERT INTO django_admin_log VALUES(13,'1','3단계 챔피언',1,'[{"added": {}}]',12,1,'2024-03-05 04:18:53.778462');
INSERT INTO django_admin_log VALUES(14,'1','오른',2,'[{"changed": {"fields": ["Attack speed"]}}]',7,1,'2024-03-05 05:18:32.413878');
INSERT INTO django_admin_log VALUES(15,'1','오른',2,'[{"changed": {"fields": ["Attack speed"]}}]',7,1,'2024-03-05 05:18:44.932589');
INSERT INTO django_admin_log VALUES(16,'2','4단계 강화',1,'[{"added": {}}]',11,1,'2024-03-05 10:39:53.945064');
INSERT INTO django_admin_log VALUES(17,'3','간이 대장간',1,'[{"added": {}}]',11,1,'2024-03-05 10:40:47.839060');
INSERT INTO django_admin_log VALUES(18,'1','3단계 챔피언',2,'[]',12,1,'2024-03-05 11:19:25.209681');
INSERT INTO django_admin_log VALUES(19,'1','거대 괴수',2,'[{"changed": {"fields": ["Name"]}}]',8,1,'2024-03-05 11:28:15.006277');
INSERT INTO django_admin_log VALUES(20,'1','거대 괴수',2,'[{"changed": {"fields": ["Descriptoin"]}}]',8,1,'2024-03-05 11:28:23.290660');
INSERT INTO django_admin_log VALUES(21,'1','숲지기',2,'[{"changed": {"fields": ["Name", "Descriptoin"]}}]',9,1,'2024-03-05 11:30:20.153694');
INSERT INTO django_admin_log VALUES(22,'1','숲지기',2,'[{"changed": {"fields": ["Avartar"]}}]',9,1,'2024-03-05 11:37:16.138266');
INSERT INTO django_admin_log VALUES(23,'1','거대 괴수',2,'[{"changed": {"fields": ["Avartar"]}}]',8,1,'2024-03-05 11:37:53.243480');
INSERT INTO django_admin_log VALUES(24,'1','오른',2,'[{"changed": {"fields": ["Avatar"]}}]',7,1,'2024-03-06 08:42:08.183961');
INSERT INTO django_admin_log VALUES(25,'2','이야기꾼',1,'[{"added": {}}]',9,1,'2024-03-06 09:17:27.650446');
INSERT INTO django_admin_log VALUES(26,'2','파수꾼',1,'[{"added": {}}]',8,1,'2024-03-06 09:18:27.382286');
INSERT INTO django_admin_log VALUES(27,'2','용기',1,'[{"added": {}}]',10,1,'2024-03-06 09:19:26.912418');
INSERT INTO django_admin_log VALUES(28,'2','가렌',1,'[{"added": {}}]',7,1,'2024-03-06 09:19:42.379512');
INSERT INTO django_admin_log VALUES(29,'1','오른',2,'[{"changed": {"fields": ["Avatar"]}}]',7,1,'2024-03-06 10:37:06.913396');
INSERT INTO django_admin_log VALUES(30,'1','Photo File',1,'[{"added": {}}]',15,1,'2024-03-06 11:05:16.956027');
INSERT INTO django_admin_log VALUES(31,'1','가렌 초상화',2,'[{"changed": {"fields": ["Description"]}}]',15,1,'2024-03-06 11:09:24.161628');
INSERT INTO django_admin_log VALUES(32,'2','오른 초상화',1,'[{"added": {}}]',15,1,'2024-03-06 11:20:24.957966');
INSERT INTO django_admin_log VALUES(33,'2','오른 초상화',2,'[]',15,1,'2024-03-06 12:08:52.425741');
INSERT INTO django_admin_log VALUES(34,'2','오른 초상화',3,'',15,1,'2024-03-06 12:14:05.097020');
INSERT INTO django_admin_log VALUES(35,'3','오른 초상화',1,'[{"added": {}}]',15,1,'2024-03-06 12:14:12.604185');
INSERT INTO django_admin_log VALUES(36,'2','파수꾼',2,'[]',8,1,'2024-03-07 00:31:18.980125');
INSERT INTO django_admin_log VALUES(37,'4','숲지기 초상화',1,'[{"added": {}}]',15,1,'2024-03-07 01:14:47.059866');
INSERT INTO django_admin_log VALUES(38,'5','오른 스킬',1,'[{"added": {}}]',15,1,'2024-03-07 01:20:09.956293');
INSERT INTO django_admin_log VALUES(39,'6','거대 괴수',1,'[{"added": {}}]',15,1,'2024-03-07 01:21:46.960301');
INSERT INTO django_admin_log VALUES(40,'7','파수꾼',1,'[{"added": {}}]',15,1,'2024-03-07 03:06:45.067967');
INSERT INTO django_admin_log VALUES(41,'8','이야기꾼',1,'[{"added": {}}]',15,1,'2024-03-07 03:07:10.633411');
INSERT INTO django_admin_log VALUES(42,'9','가렌 스킬(용기)',1,'[{"added": {}}]',15,1,'2024-03-07 03:08:07.188965');
INSERT INTO django_admin_log VALUES(43,'9','가렌 스킬',2,'[{"changed": {"fields": ["Description"]}}]',15,1,'2024-03-07 03:08:25.390429');
INSERT INTO django_admin_log VALUES(44,'3','연인',1,'[{"added": {}}]',8,1,'2024-03-07 03:10:11.095228');
INSERT INTO django_admin_log VALUES(45,'4','이타심',1,'[{"added": {}}]',8,1,'2024-03-07 03:10:24.784902');
INSERT INTO django_admin_log VALUES(46,'3','화려한 등장',1,'[{"added": {}}]',10,1,'2024-03-07 03:10:46.920431');
INSERT INTO django_admin_log VALUES(47,'10','라칸 스킬',1,'[{"added": {}}]',15,1,'2024-03-07 03:11:16.151793');
INSERT INTO django_admin_log VALUES(48,'11','연인',1,'[{"added": {}}]',15,1,'2024-03-07 03:11:32.932625');
INSERT INTO django_admin_log VALUES(49,'12','이타심',1,'[{"added": {}}]',15,1,'2024-03-07 03:11:49.110695');
INSERT INTO django_admin_log VALUES(50,'3','용군주',1,'[{"added": {}}]',9,1,'2024-03-07 03:12:03.456572');
INSERT INTO django_admin_log VALUES(51,'13','용군주',1,'[{"added": {}}]',15,1,'2024-03-07 03:12:29.827185');
INSERT INTO django_admin_log VALUES(52,'3','라칸',1,'[{"added": {}}]',7,1,'2024-03-07 05:38:38.938066');
INSERT INTO django_admin_log VALUES(53,'3','연인',2,'[{"changed": {"fields": ["Champion"]}}]',8,1,'2024-03-07 05:39:01.896166');
INSERT INTO django_admin_log VALUES(54,'3','연인',2,'[]',8,1,'2024-03-07 05:39:06.256434');
INSERT INTO django_admin_log VALUES(55,'4','이타심',2,'[{"changed": {"fields": ["Champion"]}}]',8,1,'2024-03-07 05:39:10.278229');
INSERT INTO django_admin_log VALUES(56,'14','라칸 초상화',1,'[{"added": {}}]',15,1,'2024-03-07 05:42:07.136240');
INSERT INTO django_admin_log VALUES(57,'5','난동꾼',1,'[{"added": {}}]',8,1,'2024-03-08 06:42:59.792534');
INSERT INTO django_admin_log VALUES(58,'5','난동꾼',2,'[]',8,1,'2024-03-08 06:43:09.244966');
INSERT INTO django_admin_log VALUES(59,'4','신화',1,'[{"added": {}}]',9,1,'2024-03-08 06:43:41.289953');
INSERT INTO django_admin_log VALUES(60,'5','행운',1,'[{"added": {}}]',9,1,'2024-03-08 06:44:13.982110');
INSERT INTO django_admin_log VALUES(61,'6','비전 마법사',1,'[{"added": {}}]',8,1,'2024-03-08 06:44:35.405461');
INSERT INTO django_admin_log VALUES(62,'7','재주꾼',1,'[{"added": {}}]',8,1,'2024-03-08 06:45:01.807450');
INSERT INTO django_admin_log VALUES(63,'8','현자',1,'[{"added": {}}]',8,1,'2024-03-08 06:45:58.966350');
INSERT INTO django_admin_log VALUES(64,'9','결투가',1,'[{"added": {}}]',8,1,'2024-03-08 06:46:14.212210');
INSERT INTO django_admin_log VALUES(65,'15','결투가',1,'[{"added": {}}]',15,1,'2024-03-08 06:46:39.711965');
INSERT INTO django_admin_log VALUES(66,'16','난동꾼',1,'[{"added": {}}]',15,1,'2024-03-08 06:47:10.161422');
INSERT INTO django_admin_log VALUES(67,'17','비전 마법사',1,'[{"added": {}}]',15,1,'2024-03-08 06:47:34.802215');
INSERT INTO django_admin_log VALUES(68,'18','재주꾼',1,'[{"added": {}}]',15,1,'2024-03-08 06:47:53.306393');
INSERT INTO django_admin_log VALUES(69,'19','신화',1,'[{"added": {}}]',15,1,'2024-03-08 06:48:19.404957');
INSERT INTO django_admin_log VALUES(70,'20','행운',1,'[{"added": {}}]',15,1,'2024-03-08 06:48:38.394079');
INSERT INTO django_admin_log VALUES(71,'21','현자',1,'[{"added": {}}]',15,1,'2024-03-08 06:49:50.507614');
INSERT INTO django_admin_log VALUES(72,'5','난동꾼',2,'[]',8,1,'2024-03-08 06:51:30.874834');
INSERT INTO django_admin_log VALUES(73,'4','부러진 날개',1,'[{"added": {}}]',10,1,'2024-03-08 06:52:34.960784');
INSERT INTO django_admin_log VALUES(74,'4','리븐',1,'[{"added": {}}]',7,1,'2024-03-08 06:52:37.470257');
INSERT INTO django_admin_log VALUES(75,'5','구원자의 보호',1,'[{"added": {}}]',10,1,'2024-03-08 06:53:38.028325');
INSERT INTO django_admin_log VALUES(76,'5','갈리오',1,'[{"added": {}}]',7,1,'2024-03-08 06:53:39.974241');
INSERT INTO django_admin_log VALUES(77,'6','폭뢰',1,'[{"added": {}}]',10,1,'2024-03-08 06:54:47.146727');
INSERT INTO django_admin_log VALUES(78,'6','노틸러스',1,'[{"added": {}}]',7,1,'2024-03-08 06:54:48.821542');
INSERT INTO django_admin_log VALUES(79,'7','계산된 공격!',1,'[{"added": {}}]',10,1,'2024-03-08 06:55:56.253574');
INSERT INTO django_admin_log VALUES(80,'7','조이',1,'[{"added": {}}]',7,1,'2024-03-08 06:55:57.550124');
INSERT INTO django_admin_log VALUES(81,'8','사냥 개시',1,'[{"added": {}}]',10,1,'2024-03-08 06:56:48.072589');
INSERT INTO django_admin_log VALUES(82,'8','시비르',1,'[{"added": {}}]',7,1,'2024-03-08 06:56:49.347129');
INSERT INTO django_admin_log VALUES(83,'9','종이 가시',1,'[{"added": {}}]',10,1,'2024-03-08 06:57:46.822859');
INSERT INTO django_admin_log VALUES(84,'9','종이 가시',2,'[]',10,1,'2024-03-08 06:57:53.090361');
INSERT INTO django_admin_log VALUES(85,'9','자이라',1,'[{"added": {}}]',7,1,'2024-03-08 06:57:54.347837');
INSERT INTO django_admin_log VALUES(86,'10','검무',1,'[{"added": {}}]',10,1,'2024-03-08 06:59:09.690499');
INSERT INTO django_admin_log VALUES(87,'10','이렐리아',1,'[{"added": {}}]',7,1,'2024-03-08 06:59:13.988418');
INSERT INTO django_admin_log VALUES(88,'22','시비르 초상화',1,'[{"added": {}}]',15,1,'2024-03-08 07:00:31.046632');
INSERT INTO django_admin_log VALUES(89,'23','리븐 초상화',1,'[{"added": {}}]',15,1,'2024-03-08 07:00:48.112807');
INSERT INTO django_admin_log VALUES(90,'24','자이라 초상화',1,'[{"added": {}}]',15,1,'2024-03-08 07:01:10.604289');
INSERT INTO django_admin_log VALUES(91,'25','조이 초상화',1,'[{"added": {}}]',15,1,'2024-03-08 07:01:26.171134');
INSERT INTO django_admin_log VALUES(92,'26','갈리오 초상화',1,'[{"added": {}}]',15,1,'2024-03-08 07:01:53.222882');
INSERT INTO django_admin_log VALUES(93,'27','이렐리아 초상화',1,'[{"added": {}}]',15,1,'2024-03-08 07:02:09.643844');
INSERT INTO django_admin_log VALUES(94,'28','시비르 스킬',1,'[{"added": {}}]',15,1,'2024-03-08 07:03:05.632153');
INSERT INTO django_admin_log VALUES(95,'29','리븐 스킬',1,'[{"added": {}}]',15,1,'2024-03-08 07:03:24.299537');
INSERT INTO django_admin_log VALUES(96,'30','자이라 스킬',1,'[{"added": {}}]',15,1,'2024-03-08 07:03:45.861554');
INSERT INTO django_admin_log VALUES(97,'31','조이 스킬',1,'[{"added": {}}]',15,1,'2024-03-08 07:04:03.571153');
INSERT INTO django_admin_log VALUES(98,'32','갈리오 스킬',1,'[{"added": {}}]',15,1,'2024-03-08 07:04:19.300025');
INSERT INTO django_admin_log VALUES(99,'33','이렐리아 스킬',1,'[{"added": {}}]',15,1,'2024-03-08 07:04:33.406007');
INSERT INTO django_admin_log VALUES(100,'1','이야기꾼 리롤',1,'[{"added": {}}]',16,1,'2024-03-08 08:02:57.618702');
INSERT INTO django_admin_log VALUES(101,'2','이야기꾼 리롤',1,'[{"added": {}}]',16,1,'2024-03-08 08:36:56.297138');
INSERT INTO django_admin_log VALUES(102,'3','이야기꾼 리롤',1,'[{"added": {}}]',16,1,'2024-03-08 08:37:30.719138');
INSERT INTO django_admin_log VALUES(103,'4','이야기꾼 리롤',1,'[{"added": {}}]',16,1,'2024-03-08 08:39:01.716856');
INSERT INTO django_admin_log VALUES(104,'3','이야기꾼 리롤',3,'',16,1,'2024-03-08 08:40:58.952393');
INSERT INTO django_admin_log VALUES(105,'2','이야기꾼 리롤',3,'',16,1,'2024-03-08 08:40:58.962154');
INSERT INTO django_admin_log VALUES(106,'1','이야기꾼 리롤',3,'',16,1,'2024-03-08 08:40:58.974125');
INSERT INTO django_admin_log VALUES(107,'34','노틸러스 스킬',1,'[{"added": {}}]',15,1,'2024-03-08 08:50:16.440719');
INSERT INTO django_admin_log VALUES(108,'35','신화',1,'[{"added": {}}]',15,1,'2024-03-08 08:51:30.545152');
INSERT INTO django_admin_log VALUES(109,'19','신화',2,'[]',15,1,'2024-03-08 08:51:46.882148');
INSERT INTO django_admin_log VALUES(110,'35','신화',3,'',15,1,'2024-03-08 08:52:20.075030');
INSERT INTO django_admin_log VALUES(111,'36','노틸러스 초상화',1,'[{"added": {}}]',15,1,'2024-03-08 08:53:10.796175');
INSERT INTO django_admin_log VALUES(112,'7','계산된 공격!',2,'[{"changed": {"fields": ["Effect"]}}]',10,1,'2024-03-09 05:11:40.982874');
INSERT INTO django_admin_log VALUES(113,'2','용기',2,'[{"changed": {"fields": ["Effect"]}}]',10,1,'2024-03-09 05:11:54.458145');
INSERT INTO django_admin_log VALUES(114,'8','사냥 개시',2,'[{"changed": {"fields": ["Effect"]}}]',10,1,'2024-03-09 05:12:11.905974');
INSERT INTO django_admin_log VALUES(115,'4','부러진 날개',2,'[{"changed": {"fields": ["Effect"]}}]',10,1,'2024-03-09 05:12:20.847411');
INSERT INTO django_admin_log VALUES(116,'9','종이 가시',2,'[{"changed": {"fields": ["Effect"]}}]',10,1,'2024-03-09 05:12:29.223352');
INSERT INTO django_admin_log VALUES(117,'5','구원자의 보호',2,'[{"changed": {"fields": ["Effect"]}}]',10,1,'2024-03-09 05:12:36.144257');
INSERT INTO django_admin_log VALUES(118,'10','검무',2,'[{"changed": {"fields": ["Effect"]}}]',10,1,'2024-03-09 05:12:47.538789');
INSERT INTO django_admin_log VALUES(119,'6','폭뢰',2,'[{"changed": {"fields": ["Effect"]}}]',10,1,'2024-03-09 05:13:41.750961');
INSERT INTO django_admin_log VALUES(120,'3','화려한 등장',2,'[{"changed": {"fields": ["Effect"]}}]',10,1,'2024-03-09 05:14:20.677289');
INSERT INTO django_admin_log VALUES(121,'1','숲의 대장간',2,'[{"changed": {"fields": ["Effect"]}}]',10,1,'2024-03-09 05:14:33.666951');
INSERT INTO django_admin_log VALUES(122,'7','계산된 공격!',2,'[{"changed": {"fields": ["Effect"]}}]',10,1,'2024-03-09 15:34:20.703804');
INSERT INTO django_admin_log VALUES(123,'1','오른',2,'[]',7,1,'2024-03-10 06:36:23.100397');
INSERT INTO django_admin_log VALUES(124,'7','조이',2,'[]',7,1,'2024-03-10 06:41:22.275862');
INSERT INTO django_admin_log VALUES(125,'1','거대 괴수',2,'[]',8,1,'2024-03-10 06:41:45.738478');
INSERT INTO django_admin_log VALUES(126,'2','파수꾼',2,'[]',8,1,'2024-03-10 06:41:47.051336');
INSERT INTO django_admin_log VALUES(127,'3','연인',2,'[]',8,1,'2024-03-10 06:41:51.708050');
INSERT INTO django_admin_log VALUES(128,'10','이렐리아',2,'[]',7,1,'2024-03-10 06:42:37.749877');
INSERT INTO django_admin_log VALUES(129,'9','자이라',2,'[]',7,1,'2024-03-10 06:42:40.488365');
INSERT INTO django_admin_log VALUES(130,'8','시비르',2,'[]',7,1,'2024-03-10 06:42:42.766660');
INSERT INTO django_admin_log VALUES(131,'7','조이',2,'[]',7,1,'2024-03-10 06:42:45.354792');
INSERT INTO django_admin_log VALUES(132,'6','노틸러스',2,'[]',7,1,'2024-03-10 06:42:47.672448');
INSERT INTO django_admin_log VALUES(133,'5','갈리오',2,'[]',7,1,'2024-03-10 06:42:50.095892');
INSERT INTO django_admin_log VALUES(134,'5','갈리오',2,'[]',7,1,'2024-03-10 06:42:52.315329');
INSERT INTO django_admin_log VALUES(135,'4','리븐',2,'[]',7,1,'2024-03-10 06:42:54.721437');
INSERT INTO django_admin_log VALUES(136,'3','라칸',2,'[]',7,1,'2024-03-10 06:42:57.265070');
INSERT INTO django_admin_log VALUES(137,'2','가렌',2,'[]',7,1,'2024-03-10 06:42:59.111151');
INSERT INTO django_admin_log VALUES(138,'1','오른',2,'[]',7,1,'2024-03-10 06:43:00.947449');
INSERT INTO django_admin_log VALUES(139,'4','신화',2,'[{"changed": {"fields": ["Champion"]}}]',9,1,'2024-03-10 06:44:38.208458');
INSERT INTO django_admin_log VALUES(140,'3','용군주',2,'[{"changed": {"fields": ["Champion"]}}]',9,1,'2024-03-10 06:44:51.229743');
INSERT INTO django_admin_log VALUES(141,'2','이야기꾼',2,'[{"changed": {"fields": ["Champion"]}}]',9,1,'2024-03-10 06:45:05.256822');
INSERT INTO django_admin_log VALUES(142,'5','행운',2,'[{"changed": {"fields": ["Champion"]}}]',9,1,'2024-03-10 06:45:16.168432');
INSERT INTO django_admin_log VALUES(143,'1','거대 괴수',2,'[]',8,1,'2024-03-10 06:45:24.245740');
INSERT INTO django_admin_log VALUES(144,'9','결투가',2,'[{"changed": {"fields": ["Champion"]}}]',8,1,'2024-03-10 06:45:40.955073');
INSERT INTO django_admin_log VALUES(145,'8','현자',2,'[{"changed": {"fields": ["Champion"]}}]',8,1,'2024-03-10 06:45:54.712671');
INSERT INTO django_admin_log VALUES(146,'7','재주꾼',2,'[{"changed": {"fields": ["Champion"]}}]',8,1,'2024-03-10 06:46:10.004273');
INSERT INTO django_admin_log VALUES(147,'6','비전 마법사',2,'[{"changed": {"fields": ["Champion"]}}]',8,1,'2024-03-10 06:46:27.247249');
INSERT INTO django_admin_log VALUES(148,'5','난동꾼',2,'[{"changed": {"fields": ["Champion"]}}]',8,1,'2024-03-10 06:46:51.759236');
INSERT INTO django_admin_log VALUES(149,'4','이타심',2,'[{"changed": {"fields": ["Champion"]}}]',8,1,'2024-03-10 06:46:55.958751');
INSERT INTO django_admin_log VALUES(150,'3','연인',2,'[]',8,1,'2024-03-10 06:47:04.649920');
INSERT INTO django_admin_log VALUES(151,'2','파수꾼',2,'[{"changed": {"fields": ["Champion"]}}]',8,1,'2024-03-10 06:47:09.517593');
INSERT INTO django_admin_log VALUES(152,'1','숲지기',2,'[{"changed": {"fields": ["Effect"]}}]',9,1,'2024-03-10 06:50:05.369655');
INSERT INTO django_admin_log VALUES(153,'4','신화',2,'[{"changed": {"fields": ["Effect"]}}]',9,1,'2024-03-10 06:50:12.989277');
INSERT INTO django_admin_log VALUES(154,'3','용군주',2,'[{"changed": {"fields": ["Effect"]}}]',9,1,'2024-03-10 06:50:20.677064');
INSERT INTO django_admin_log VALUES(155,'2','이야기꾼',2,'[{"changed": {"fields": ["Effect"]}}]',9,1,'2024-03-10 06:50:26.874006');
INSERT INTO django_admin_log VALUES(156,'5','행운',2,'[{"changed": {"fields": ["Effect"]}}]',9,1,'2024-03-10 06:50:33.381324');
INSERT INTO django_admin_log VALUES(157,'1','거대 괴수',2,'[{"changed": {"fields": ["Effect"]}}]',8,1,'2024-03-10 06:50:42.203539');
INSERT INTO django_admin_log VALUES(158,'9','결투가',2,'[{"changed": {"fields": ["Effect"]}}]',8,1,'2024-03-10 06:50:48.482808');
INSERT INTO django_admin_log VALUES(159,'5','난동꾼',2,'[{"changed": {"fields": ["Effect"]}}]',8,1,'2024-03-10 06:51:01.483843');
INSERT INTO django_admin_log VALUES(160,'6','비전 마법사',2,'[{"changed": {"fields": ["Effect"]}}]',8,1,'2024-03-10 06:51:04.021968');
INSERT INTO django_admin_log VALUES(161,'3','연인',2,'[{"changed": {"fields": ["Effect"]}}]',8,1,'2024-03-10 06:51:10.256780');
INSERT INTO django_admin_log VALUES(162,'4','이타심',2,'[{"changed": {"fields": ["Effect"]}}]',8,1,'2024-03-10 06:51:17.080806');
INSERT INTO django_admin_log VALUES(163,'7','재주꾼',2,'[{"changed": {"fields": ["Effect"]}}]',8,1,'2024-03-10 06:51:21.452133');
INSERT INTO django_admin_log VALUES(164,'2','파수꾼',2,'[{"changed": {"fields": ["Effect"]}}]',8,1,'2024-03-10 06:51:30.980383');
INSERT INTO django_admin_log VALUES(165,'8','현자',2,'[{"changed": {"fields": ["Effect"]}}]',8,1,'2024-03-10 06:51:39.437732');
INSERT INTO django_admin_log VALUES(166,'10','기원',1,'[{"added": {}}]',8,1,'2024-03-12 07:12:23.889235');
INSERT INTO django_admin_log VALUES(167,'10','기원자',2,'[{"changed": {"fields": ["Name"]}}]',8,1,'2024-03-12 07:12:28.609348');
INSERT INTO django_admin_log VALUES(168,'11','잡아, 티버!',1,'[{"added": {}}]',10,1,'2024-03-12 07:13:50.550951');
INSERT INTO django_admin_log VALUES(169,'11','애니',1,'[{"added": {}}]',7,1,'2024-03-12 07:14:32.782668');
INSERT INTO django_admin_log VALUES(170,'37','애니 초상화',1,'[{"added": {}}]',15,1,'2024-03-12 07:15:03.330002');
INSERT INTO django_admin_log VALUES(171,'38','기원자',1,'[{"added": {}}]',15,1,'2024-03-12 07:15:20.761306');
INSERT INTO django_admin_log VALUES(172,'5','4암영 4기원자 알룬',1,'[{"added": {}}]',16,1,'2024-03-12 07:15:55.206435');
INSERT INTO django_admin_log VALUES(173,'5','4암영 4기원자 알룬',3,'',16,1,'2024-03-12 07:16:24.413224');
INSERT INTO django_admin_log VALUES(174,'39','애니 스킬',1,'[{"added": {}}]',15,1,'2024-03-12 07:16:53.503071');
INSERT INTO django_admin_log VALUES(175,'40','애니 스킬',1,'[{"added": {}}]',15,1,'2024-03-12 07:16:53.587842');
INSERT INTO django_admin_log VALUES(176,'40','애니 스킬',2,'[{"changed": {"fields": ["Skill"]}}]',15,1,'2024-03-12 07:16:58.292538');
INSERT INTO django_admin_log VALUES(177,'39','애니 스킬',3,'',15,1,'2024-03-12 07:17:05.138666');
INSERT INTO django_admin_log VALUES(178,'6','4암영 4기원자 알룬',1,'[{"added": {}}]',16,1,'2024-03-12 07:17:23.822185');
INSERT INTO django_admin_log VALUES(179,'11','애니',2,'[]',7,1,'2024-03-12 07:17:48.475825');
INSERT INTO django_admin_log VALUES(180,'6','4암영 4기원자 알룬',2,'[{"changed": {"fields": ["Champions"]}}]',16,1,'2024-03-12 13:40:14.008783');
INSERT INTO django_admin_log VALUES(181,'6','4암영 4기원자 알룬',2,'[{"changed": {"fields": ["Champions"]}}]',16,1,'2024-03-12 13:40:17.783707');
INSERT INTO django_admin_log VALUES(182,'12','이익!',1,'[{"added": {}}]',10,1,'2024-03-12 13:42:13.170983');
INSERT INTO django_admin_log VALUES(183,'12','릴리아',1,'[{"added": {}}]',7,1,'2024-03-12 13:42:45.131682');
INSERT INTO django_admin_log VALUES(184,'41','릴리아 초상화',1,'[{"added": {}}]',15,1,'2024-03-12 13:43:08.334609');
INSERT INTO django_admin_log VALUES(185,'42','릴리아 스킬',1,'[{"added": {}}]',15,1,'2024-03-12 13:43:23.104319');
INSERT INTO django_admin_log VALUES(186,'6','4암영 4기원자 알룬',2,'[{"changed": {"fields": ["Champions"]}}]',16,1,'2024-03-12 13:43:30.731836');
INSERT INTO django_admin_log VALUES(187,'43','이야기꾼 검정',1,'[{"added": {}}]',15,1,'2024-03-14 07:54:36.594953');
INSERT INTO django_admin_log VALUES(188,'44','비전마법사 검정',1,'[{"added": {}}]',15,1,'2024-03-14 07:59:09.691600');
INSERT INTO django_admin_log VALUES(189,'45','난동꾼 검정',1,'[{"added": {}}]',15,1,'2024-03-14 07:59:25.060574');
INSERT INTO django_admin_log VALUES(190,'46','파수꾼 검정',1,'[{"added": {}}]',15,1,'2024-03-14 07:59:43.345250');
INSERT INTO django_admin_log VALUES(191,'47','이타심 검정',1,'[{"added": {}}]',15,1,'2024-03-14 07:59:57.096593');
INSERT INTO django_admin_log VALUES(192,'48','결투가 검정',1,'[{"added": {}}]',15,1,'2024-03-14 08:00:11.552135');
INSERT INTO django_admin_log VALUES(193,'49','행운 검정',1,'[{"added": {}}]',15,1,'2024-03-14 08:00:22.755111');
INSERT INTO django_admin_log VALUES(194,'50','신화 검정',1,'[{"added": {}}]',15,1,'2024-03-14 08:01:52.290700');
INSERT INTO django_admin_log VALUES(195,'51','현자 검정',1,'[{"added": {}}]',15,1,'2024-03-14 08:02:57.840738');
INSERT INTO django_admin_log VALUES(196,'52','재주꾼 검정',1,'[{"added": {}}]',15,1,'2024-03-14 08:03:21.040665');
INSERT INTO django_admin_log VALUES(197,'53','연인 검정',1,'[{"added": {}}]',15,1,'2024-03-14 08:04:04.775786');
INSERT INTO django_admin_log VALUES(198,'54','용군주 검정',1,'[{"added": {}}]',15,1,'2024-03-14 08:04:18.335432');
INSERT INTO django_admin_log VALUES(199,'55','거대괴수 검정',1,'[{"added": {}}]',15,1,'2024-03-14 08:04:32.085245');
INSERT INTO django_admin_log VALUES(200,'56','기원자 검정',1,'[{"added": {}}]',15,1,'2024-03-14 08:05:26.197130');
INSERT INTO django_admin_log VALUES(201,'57','숲지기 검정',1,'[{"added": {}}]',15,1,'2024-03-14 08:06:35.720008');
INSERT INTO django_admin_log VALUES(202,'1','B.F. 대검',1,'[{"added": {}}]',17,1,'2024-03-14 08:34:36.233577');
INSERT INTO django_admin_log VALUES(203,'1','B.F. 대검',2,'[{"changed": {"fields": ["GenerableItem"]}}]',17,1,'2024-03-14 08:34:40.711350');
INSERT INTO django_admin_log VALUES(204,'2','곡궁',1,'[{"added": {}}]',17,1,'2024-03-14 08:34:52.854583');
INSERT INTO django_admin_log VALUES(205,'2','곡궁',2,'[{"changed": {"fields": ["GenerableItem"]}}]',17,1,'2024-03-14 08:34:55.764588');
INSERT INTO django_admin_log VALUES(206,'3','거인 학살자',1,'[{"added": {}}]',17,1,'2024-03-14 08:38:08.734527');
INSERT INTO django_admin_log VALUES(207,'58','거인 학살자',1,'[{"added": {}}]',15,1,'2024-03-14 08:39:39.560758');
INSERT INTO django_admin_log VALUES(208,'59','BF대검',1,'[{"added": {}}]',15,1,'2024-03-14 08:39:55.141880');
INSERT INTO django_admin_log VALUES(209,'60','곡궁',1,'[{"added": {}}]',15,1,'2024-03-14 08:40:07.149783');
INSERT INTO django_admin_log VALUES(210,'6','천계',1,'[{"added": {}}]',9,1,'2024-03-14 09:46:00.572488');
INSERT INTO django_admin_log VALUES(211,'13','도약의 만개',1,'[{"added": {}}]',10,1,'2024-03-14 09:46:44.348552');
INSERT INTO django_admin_log VALUES(212,'13','니코',1,'[{"added": {}}]',7,1,'2024-03-14 09:48:14.478855');
INSERT INTO django_admin_log VALUES(213,'61','천계',1,'[{"added": {}}]',15,1,'2024-03-14 09:48:33.249462');
INSERT INTO django_admin_log VALUES(214,'62','천계 검정',1,'[{"added": {}}]',15,1,'2024-03-14 09:49:05.881208');
INSERT INTO django_admin_log VALUES(215,'63','니코 초상화',1,'[{"added": {}}]',15,1,'2024-03-14 09:49:30.851829');
INSERT INTO django_admin_log VALUES(216,'64','니코 스킬',1,'[{"added": {}}]',15,1,'2024-03-14 09:50:01.429142');
INSERT INTO django_admin_log VALUES(217,'1','니코',1,'[{"added": {}}]',18,1,'2024-03-14 09:50:43.496861');
INSERT INTO django_admin_log VALUES(218,'63','니코 초상화',2,'[{"changed": {"fields": ["Encounter"]}}]',15,1,'2024-03-14 09:52:54.516478');
INSERT INTO django_admin_log VALUES(219,'2','가렌',1,'[{"added": {}}]',18,1,'2024-03-14 10:07:21.070285');
INSERT INTO django_admin_log VALUES(220,'1','가렌 초상화',2,'[{"changed": {"fields": ["Encounter"]}}]',15,1,'2024-03-14 10:07:34.029598');
INSERT INTO django_admin_log VALUES(221,'65','3에 깃든 힘 I',1,'[{"added": {}}]',15,1,'2024-03-16 04:38:55.697806');
INSERT INTO django_admin_log VALUES(222,'1','거인학살자 레시피',1,'[{"added": {}}]',19,1,'2024-03-16 05:38:46.026393');
INSERT INTO django_admin_log VALUES(223,'1','거인학살자 레시피',3,'',19,1,'2024-03-16 05:49:11.260420');
INSERT INTO django_admin_log VALUES(224,'2','거인학살자 레시피',1,'[{"added": {}}]',19,1,'2024-03-16 05:49:25.380687');
INSERT INTO django_admin_log VALUES(225,'2','훈련 봇',1,'[{"added": {}}]',12,1,'2024-03-16 07:24:26.106296');
INSERT INTO django_admin_log VALUES(226,'3','챔피언 복제기',1,'[{"added": {}}]',12,1,'2024-03-16 07:27:13.463238');
INSERT INTO django_admin_log VALUES(227,'3','챔피언 복제기',3,'',12,1,'2024-03-16 08:37:43.151092');
INSERT INTO django_admin_log VALUES(228,'2','훈련 봇',3,'',12,1,'2024-03-16 08:37:43.161722');
INSERT INTO django_admin_log VALUES(229,'1','3단계 챔피언',3,'',12,1,'2024-03-16 08:37:43.170318');
INSERT INTO django_admin_log VALUES(230,'1','PortalType object (1)',1,'[{"added": {}}]',20,1,'2024-03-16 08:40:25.660106');
INSERT INTO django_admin_log VALUES(231,'2','PortalType object (2)',1,'[{"added": {}}]',20,1,'2024-03-16 08:40:28.757504');
INSERT INTO django_admin_log VALUES(232,'66','챔피언 차원문',1,'[{"added": {}}]',15,1,'2024-03-16 08:42:32.630421');
INSERT INTO django_admin_log VALUES(233,'66','챔피언 차원문',2,'[]',15,1,'2024-03-16 09:00:46.940325');
INSERT INTO django_admin_log VALUES(234,'1','3단계 챔피언',1,'[{"added": {}}]',12,1,'2024-03-16 09:04:18.615814');
INSERT INTO django_admin_log VALUES(235,'66','챔피언 차원문',2,'[]',15,1,'2024-03-16 09:04:52.565321');
INSERT INTO django_admin_log VALUES(236,'2','훈련 봇',1,'[{"added": {}}]',12,1,'2024-03-16 09:32:19.042027');
INSERT INTO django_admin_log VALUES(237,'67','전투 차원문',1,'[{"added": {}}]',15,1,'2024-03-16 09:32:56.143961');
INSERT INTO django_admin_log VALUES(238,'3','챔피언 복제기',1,'[{"added": {}}]',12,1,'2024-03-16 10:29:52.239760');
INSERT INTO django_admin_log VALUES(239,'3','spatula',1,'[{"added": {}}]',20,1,'2024-03-16 10:32:12.296840');
INSERT INTO django_admin_log VALUES(240,'4','coin',1,'[{"added": {}}]',20,1,'2024-03-16 10:32:14.768850');
INSERT INTO django_admin_log VALUES(241,'5','coin',1,'[{"added": {}}]',20,1,'2024-03-16 10:32:18.120876');
INSERT INTO django_admin_log VALUES(242,'5','coin',3,'',20,1,'2024-03-16 10:32:21.846988');
INSERT INTO django_admin_log VALUES(243,'6','card',1,'[{"added": {}}]',20,1,'2024-03-16 10:32:24.749545');
INSERT INTO django_admin_log VALUES(244,'7','item',1,'[{"added": {}}]',20,1,'2024-03-16 10:32:27.212070');
INSERT INTO django_admin_log VALUES(245,'4','거대한 전설이',1,'[{"added": {}}]',12,1,'2024-03-16 10:32:47.408805');
INSERT INTO django_admin_log VALUES(246,'68','뒤집개 차원문',1,'[{"added": {}}]',15,1,'2024-03-16 10:32:59.969246');
INSERT INTO django_admin_log VALUES(247,'5','증강 획득',1,'[{"added": {}}]',12,1,'2024-03-16 10:34:28.787142');
INSERT INTO django_admin_log VALUES(248,'69','돈 차원문',1,'[{"added": {}}]',15,1,'2024-03-16 10:34:49.048353');
INSERT INTO django_admin_log VALUES(249,'69','골드 차원문',2,'[{"changed": {"fields": ["Description"]}}]',15,1,'2024-03-16 10:36:16.754377');
INSERT INTO django_admin_log VALUES(250,'6','실버 교향곡',1,'[{"added": {}}]',12,1,'2024-03-16 10:36:35.622436');
INSERT INTO django_admin_log VALUES(251,'70','증강 차원문',1,'[{"added": {}}]',15,1,'2024-03-16 10:36:53.240042');
INSERT INTO django_admin_log VALUES(252,'7','조합 아이템 모루',1,'[{"added": {}}]',12,1,'2024-03-16 10:38:11.921681');
INSERT INTO django_admin_log VALUES(253,'71','아이템 차원문',1,'[{"added": {}}]',15,1,'2024-03-16 10:38:26.424825');
INSERT INTO django_admin_log VALUES(254,'2','4후지원',2,'[{"changed": {"fields": ["Name"]}}]',11,1,'2024-03-16 10:41:20.866135');
INSERT INTO django_admin_log VALUES(255,'72','4후지원',1,'[{"added": {}}]',15,1,'2024-03-16 10:41:36.305984');
INSERT INTO django_admin_log VALUES(256,'73','간이 대장간',1,'[{"added": {}}]',15,1,'2024-03-16 10:42:05.557269');
INSERT INTO django_admin_log VALUES(257,'3','거인 학살자',2,'[{"changed": {"fields": ["Tags"]}}]',17,1,'2024-03-17 05:15:42.053968');
INSERT INTO django_admin_log VALUES(258,'2','곡궁',2,'[{"changed": {"fields": ["Tags"]}}]',17,1,'2024-03-17 05:15:46.281872');
INSERT INTO django_admin_log VALUES(259,'1','B.F. 대검',2,'[{"changed": {"fields": ["Tags"]}}]',17,1,'2024-03-17 05:15:48.921987');
INSERT INTO django_admin_log VALUES(260,'3','거인 학살자',2,'[{"changed": {"fields": ["InGameKey", "Description", "Effect"]}}]',17,1,'2024-03-17 05:22:52.244729');
INSERT INTO django_admin_log VALUES(261,'3','거인 학살자',3,'',17,1,'2024-03-17 05:24:11.931338');
INSERT INTO django_admin_log VALUES(262,'2','곡궁',3,'',17,1,'2024-03-17 05:24:11.946442');
INSERT INTO django_admin_log VALUES(263,'1','B.F. 대검',3,'',17,1,'2024-03-17 05:24:11.950442');
INSERT INTO django_admin_log VALUES(264,'4','적응형 투구',1,'[{"added": {}}]',17,1,'2024-03-17 05:25:37.382349');
INSERT INTO django_admin_log VALUES(265,'74','AdaptiveHelm',1,'[{"added": {}}]',15,1,'2024-03-17 05:30:29.514696');
INSERT INTO django_admin_log VALUES(266,'4','적응형 투구',2,'[]',17,1,'2024-03-17 05:34:11.731574');
INSERT INTO django_admin_log VALUES(267,'4','적응형 투구',2,'[{"changed": {"fields": ["ImageUrl"]}}]',17,1,'2024-03-17 05:35:13.810652');
INSERT INTO django_admin_log VALUES(268,'5','보석 건틀릿',3,'',17,1,'2024-03-17 05:48:24.278910');
INSERT INTO django_admin_log VALUES(269,'6','보석 건틀릿',3,'',17,1,'2024-03-17 05:49:49.968984');
INSERT INTO django_admin_log VALUES(270,'8','군단의 방패',3,'',17,1,'2024-03-17 06:23:59.116278');
INSERT INTO django_admin_log VALUES(271,'7','보석 건틀릿',3,'',17,1,'2024-03-17 06:23:59.147516');
INSERT INTO django_admin_log VALUES(272,'4','적응형 투구',3,'',17,1,'2024-03-17 06:23:59.150516');
INSERT INTO django_admin_log VALUES(273,'18','난동꾼 상징',2,'[{"changed": {"fields": ["GenerableItem"]}}]',17,1,'2024-03-17 06:32:36.785198');
INSERT INTO django_admin_log VALUES(274,'127','EDM 상징',2,'[{"changed": {"fields": ["InGameKey"]}}]',17,1,'2024-03-17 06:54:48.445670');
INSERT INTO django_admin_log VALUES(275,'9','적응형 투구',2,'[{"changed": {"fields": ["Description", "Effect"]}}]',17,1,'2024-03-17 07:30:36.617340');
INSERT INTO django_admin_log VALUES(276,'127','EDM 상징',3,'',17,1,'2024-03-17 08:03:43.436309');
INSERT INTO django_admin_log VALUES(277,'149','전투 기계 방패',3,'',17,1,'2024-03-17 08:03:54.167735');
CREATE TABLE IF NOT EXISTS "django_content_type" ("id" integer NOT NULL PRIMARY KEY AUTOINCREMENT, "app_label" varchar(100) NOT NULL, "model" varchar(100) NOT NULL);
INSERT INTO django_content_type VALUES(1,'admin','logentry');
INSERT INTO django_content_type VALUES(2,'auth','permission');
INSERT INTO django_content_type VALUES(3,'auth','group');
INSERT INTO django_content_type VALUES(4,'auth','user');
INSERT INTO django_content_type VALUES(5,'contenttypes','contenttype');
INSERT INTO django_content_type VALUES(6,'sessions','session');
INSERT INTO django_content_type VALUES(7,'champions','champion');
INSERT INTO django_content_type VALUES(8,'synergies','job');
INSERT INTO django_content_type VALUES(9,'synergies','origin');
INSERT INTO django_content_type VALUES(10,'champions','skill');
INSERT INTO django_content_type VALUES(11,'augments','augment');
INSERT INTO django_content_type VALUES(12,'portals','portal');
INSERT INTO django_content_type VALUES(13,'authtoken','token');
INSERT INTO django_content_type VALUES(14,'authtoken','tokenproxy');
INSERT INTO django_content_type VALUES(15,'medias','photo');
INSERT INTO django_content_type VALUES(16,'comps','comp');
INSERT INTO django_content_type VALUES(17,'items','item');
INSERT INTO django_content_type VALUES(18,'encounters','encounter');
INSERT INTO django_content_type VALUES(19,'items','itemrecipe');
INSERT INTO django_content_type VALUES(20,'portals','portaltype');
CREATE TABLE IF NOT EXISTS "auth_permission" ("id" integer NOT NULL PRIMARY KEY AUTOINCREMENT, "content_type_id" integer NOT NULL REFERENCES "django_content_type" ("id") DEFERRABLE INITIALLY DEFERRED, "codename" varchar(100) NOT NULL, "name" varchar(255) NOT NULL);
INSERT INTO auth_permission VALUES(1,1,'add_logentry','Can add log entry');
INSERT INTO auth_permission VALUES(2,1,'change_logentry','Can change log entry');
INSERT INTO auth_permission VALUES(3,1,'delete_logentry','Can delete log entry');
INSERT INTO auth_permission VALUES(4,1,'view_logentry','Can view log entry');
INSERT INTO auth_permission VALUES(5,2,'add_permission','Can add permission');
INSERT INTO auth_permission VALUES(6,2,'change_permission','Can change permission');
INSERT INTO auth_permission VALUES(7,2,'delete_permission','Can delete permission');
INSERT INTO auth_permission VALUES(8,2,'view_permission','Can view permission');
INSERT INTO auth_permission VALUES(9,3,'add_group','Can add group');
INSERT INTO auth_permission VALUES(10,3,'change_group','Can change group');
INSERT INTO auth_permission VALUES(11,3,'delete_group','Can delete group');
INSERT INTO auth_permission VALUES(12,3,'view_group','Can view group');
INSERT INTO auth_permission VALUES(13,4,'add_user','Can add user');
INSERT INTO auth_permission VALUES(14,4,'change_user','Can change user');
INSERT INTO auth_permission VALUES(15,4,'delete_user','Can delete user');
INSERT INTO auth_permission VALUES(16,4,'view_user','Can view user');
INSERT INTO auth_permission VALUES(17,5,'add_contenttype','Can add content type');
INSERT INTO auth_permission VALUES(18,5,'change_contenttype','Can change content type');
INSERT INTO auth_permission VALUES(19,5,'delete_contenttype','Can delete content type');
INSERT INTO auth_permission VALUES(20,5,'view_contenttype','Can view content type');
INSERT INTO auth_permission VALUES(21,6,'add_session','Can add session');
INSERT INTO auth_permission VALUES(22,6,'change_session','Can change session');
INSERT INTO auth_permission VALUES(23,6,'delete_session','Can delete session');
INSERT INTO auth_permission VALUES(24,6,'view_session','Can view session');
INSERT INTO auth_permission VALUES(25,7,'add_champion','Can add champion');
INSERT INTO auth_permission VALUES(26,7,'change_champion','Can change champion');
INSERT INTO auth_permission VALUES(27,7,'delete_champion','Can delete champion');
INSERT INTO auth_permission VALUES(28,7,'view_champion','Can view champion');
INSERT INTO auth_permission VALUES(29,8,'add_job','Can add job');
INSERT INTO auth_permission VALUES(30,8,'change_job','Can change job');
INSERT INTO auth_permission VALUES(31,8,'delete_job','Can delete job');
INSERT INTO auth_permission VALUES(32,8,'view_job','Can view job');
INSERT INTO auth_permission VALUES(33,9,'add_origin','Can add origin');
INSERT INTO auth_permission VALUES(34,9,'change_origin','Can change origin');
INSERT INTO auth_permission VALUES(35,9,'delete_origin','Can delete origin');
INSERT INTO auth_permission VALUES(36,9,'view_origin','Can view origin');
INSERT INTO auth_permission VALUES(37,10,'add_skill','Can add skill');
INSERT INTO auth_permission VALUES(38,10,'change_skill','Can change skill');
INSERT INTO auth_permission VALUES(39,10,'delete_skill','Can delete skill');
INSERT INTO auth_permission VALUES(40,10,'view_skill','Can view skill');
INSERT INTO auth_permission VALUES(41,11,'add_augment','Can add augment');
INSERT INTO auth_permission VALUES(42,11,'change_augment','Can change augment');
INSERT INTO auth_permission VALUES(43,11,'delete_augment','Can delete augment');
INSERT INTO auth_permission VALUES(44,11,'view_augment','Can view augment');
INSERT INTO auth_permission VALUES(45,12,'add_portal','Can add portal');
INSERT INTO auth_permission VALUES(46,12,'change_portal','Can change portal');
INSERT INTO auth_permission VALUES(47,12,'delete_portal','Can delete portal');
INSERT INTO auth_permission VALUES(48,12,'view_portal','Can view portal');
INSERT INTO auth_permission VALUES(49,13,'add_token','Can add Token');
INSERT INTO auth_permission VALUES(50,13,'change_token','Can change Token');
INSERT INTO auth_permission VALUES(51,13,'delete_token','Can delete Token');
INSERT INTO auth_permission VALUES(52,13,'view_token','Can view Token');
INSERT INTO auth_permission VALUES(53,14,'add_tokenproxy','Can add token');
INSERT INTO auth_permission VALUES(54,14,'change_tokenproxy','Can change token');
INSERT INTO auth_permission VALUES(55,14,'delete_tokenproxy','Can delete token');
INSERT INTO auth_permission VALUES(56,14,'view_tokenproxy','Can view token');
INSERT INTO auth_permission VALUES(57,15,'add_photo','Can add photo');
INSERT INTO auth_permission VALUES(58,15,'change_photo','Can change photo');
INSERT INTO auth_permission VALUES(59,15,'delete_photo','Can delete photo');
INSERT INTO auth_permission VALUES(60,15,'view_photo','Can view photo');
INSERT INTO auth_permission VALUES(61,16,'add_comp','Can add comp');
INSERT INTO auth_permission VALUES(62,16,'change_comp','Can change comp');
INSERT INTO auth_permission VALUES(63,16,'delete_comp','Can delete comp');
INSERT INTO auth_permission VALUES(64,16,'view_comp','Can view comp');
INSERT INTO auth_permission VALUES(65,17,'add_item','Can add item');
INSERT INTO auth_permission VALUES(66,17,'change_item','Can change item');
INSERT INTO auth_permission VALUES(67,17,'delete_item','Can delete item');
INSERT INTO auth_permission VALUES(68,17,'view_item','Can view item');
INSERT INTO auth_permission VALUES(69,18,'add_encounter','Can add encounter');
INSERT INTO auth_permission VALUES(70,18,'change_encounter','Can change encounter');
INSERT INTO auth_permission VALUES(71,18,'delete_encounter','Can delete encounter');
INSERT INTO auth_permission VALUES(72,18,'view_encounter','Can view encounter');
INSERT INTO auth_permission VALUES(73,19,'add_itemrecipies','Can add item recipies');
INSERT INTO auth_permission VALUES(74,19,'change_itemrecipies','Can change item recipies');
INSERT INTO auth_permission VALUES(75,19,'delete_itemrecipies','Can delete item recipies');
INSERT INTO auth_permission VALUES(76,19,'view_itemrecipies','Can view item recipies');
INSERT INTO auth_permission VALUES(77,19,'add_itemrecipe','Can add item recipe');
INSERT INTO auth_permission VALUES(78,19,'change_itemrecipe','Can change item recipe');
INSERT INTO auth_permission VALUES(79,19,'delete_itemrecipe','Can delete item recipe');
INSERT INTO auth_permission VALUES(80,19,'view_itemrecipe','Can view item recipe');
INSERT INTO auth_permission VALUES(81,20,'add_portaltype','Can add portal type');
INSERT INTO auth_permission VALUES(82,20,'change_portaltype','Can change portal type');
INSERT INTO auth_permission VALUES(83,20,'delete_portaltype','Can delete portal type');
INSERT INTO auth_permission VALUES(84,20,'view_portaltype','Can view portal type');
CREATE TABLE IF NOT EXISTS "auth_group" ("id" integer NOT NULL PRIMARY KEY AUTOINCREMENT, "name" varchar(150) NOT NULL UNIQUE);
CREATE TABLE IF NOT EXISTS "auth_user" ("id" integer NOT NULL PRIMARY KEY AUTOINCREMENT, "password" varchar(128) NOT NULL, "last_login" datetime NULL, "is_superuser" bool NOT NULL, "username" varchar(150) NOT NULL UNIQUE, "last_name" varchar(150) NOT NULL, "email" varchar(254) NOT NULL, "is_staff" bool NOT NULL, "is_active" bool NOT NULL, "date_joined" datetime NOT NULL, "first_name" varchar(150) NOT NULL);
INSERT INTO auth_user VALUES(1,'pbkdf2_sha256$720000$nNjHnO7DQQ0ETFaiHSJAjC$jhBHn8kQECvxpxeA7xSJImn6myF2IWYBRXIccrPXoo4=','2024-03-11 07:00:49.816714',1,'Jeongmok','','',1,1,'2024-03-05 01:54:13.422188','');
CREATE TABLE IF NOT EXISTS "champions_champion" ("id" integer NOT NULL PRIMARY KEY AUTOINCREMENT, "name" varchar(20) NOT NULL, "cost" integer unsigned NOT NULL CHECK ("cost" >= 0), "health" integer unsigned NOT NULL CHECK ("health" >= 0), "ad" integer unsigned NOT NULL CHECK ("ad" >= 0), "attack_range" integer unsigned NOT NULL CHECK ("attack_range" >= 0), "attack_speed" decimal NOT NULL, "armor" integer unsigned NOT NULL CHECK ("armor" >= 0), "magic_resistance" integer unsigned NOT NULL CHECK ("magic_resistance" >= 0), "skill_id" bigint NULL REFERENCES "champions_skill" ("id") DEFERRABLE INITIALLY DEFERRED);
INSERT INTO champions_champion VALUES(1,'오른',4,1000,60,1,0.5999999999999999778,60,60,1);
INSERT INTO champions_champion VALUES(2,'가렌',1,600,55,1,0.5999999999999999778,40,40,2);
INSERT INTO champions_champion VALUES(3,'라칸',5,1100,70,2,0.8499999999999999778,60,60,3);
INSERT INTO champions_champion VALUES(4,'리븐',2,700,50,1,0.75,40,40,4);
INSERT INTO champions_champion VALUES(5,'갈리오',4,1100,60,1,0.5999999999999999778,60,60,5);
INSERT INTO champions_champion VALUES(6,'노틸러스',4,1000,70,1,0.5999999999999999778,60,60,6);
INSERT INTO champions_champion VALUES(7,'조이',3,650,45,4,0.75,25,25,7);
INSERT INTO champions_champion VALUES(8,'시비르',1,500,55,4,0.6999999999999999556,15,15,8);
INSERT INTO champions_champion VALUES(9,'자이라',2,600,40,4,0.75,20,20,9);
INSERT INTO champions_champion VALUES(10,'이렐리아',5,900,75,5,0.9000000000000000222,40,40,10);
INSERT INTO champions_champion VALUES(11,'애니',4,850,65,1,0.6500000000000000222,60,60,11);
INSERT INTO champions_champion VALUES(12,'릴리아',4,700,45,4,0.75,30,30,12);
INSERT INTO champions_champion VALUES(13,'니코',2,800,45,1,0.6500000000000000222,45,45,13);
CREATE TABLE IF NOT EXISTS "champions_champion_job" ("id" integer NOT NULL PRIMARY KEY AUTOINCREMENT, "champion_id" bigint NOT NULL REFERENCES "champions_champion" ("id") DEFERRABLE INITIALLY DEFERRED, "job_id" bigint NOT NULL REFERENCES "synergies_job" ("id") DEFERRABLE INITIALLY DEFERRED);
INSERT INTO champions_champion_job VALUES(1,1,1);
INSERT INTO champions_champion_job VALUES(2,2,2);
INSERT INTO champions_champion_job VALUES(3,3,3);
INSERT INTO champions_champion_job VALUES(4,3,4);
INSERT INTO champions_champion_job VALUES(5,4,4);
INSERT INTO champions_champion_job VALUES(6,4,5);
INSERT INTO champions_champion_job VALUES(7,5,5);
INSERT INTO champions_champion_job VALUES(8,6,2);
INSERT INTO champions_champion_job VALUES(9,7,6);
INSERT INTO champions_champion_job VALUES(10,8,7);
INSERT INTO champions_champion_job VALUES(11,9,8);
INSERT INTO champions_champion_job VALUES(12,10,9);
INSERT INTO champions_champion_job VALUES(13,11,10);
INSERT INTO champions_champion_job VALUES(14,12,10);
INSERT INTO champions_champion_job VALUES(15,13,6);
CREATE TABLE IF NOT EXISTS "champions_champion_origin" ("id" integer NOT NULL PRIMARY KEY AUTOINCREMENT, "champion_id" bigint NOT NULL REFERENCES "champions_champion" ("id") DEFERRABLE INITIALLY DEFERRED, "origin_id" bigint NOT NULL REFERENCES "synergies_origin" ("id") DEFERRABLE INITIALLY DEFERRED);
INSERT INTO champions_champion_origin VALUES(1,1,1);
INSERT INTO champions_champion_origin VALUES(2,2,2);
INSERT INTO champions_champion_origin VALUES(3,3,3);
INSERT INTO champions_champion_origin VALUES(4,4,2);
INSERT INTO champions_champion_origin VALUES(5,5,2);
INSERT INTO champions_champion_origin VALUES(6,6,4);
INSERT INTO champions_champion_origin VALUES(7,7,2);
INSERT INTO champions_champion_origin VALUES(8,7,5);
INSERT INTO champions_champion_origin VALUES(9,8,2);
INSERT INTO champions_champion_origin VALUES(10,9,2);
INSERT INTO champions_champion_origin VALUES(11,10,2);
INSERT INTO champions_champion_origin VALUES(12,11,5);
INSERT INTO champions_champion_origin VALUES(13,12,4);
INSERT INTO champions_champion_origin VALUES(14,13,4);
INSERT INTO champions_champion_origin VALUES(15,13,6);
CREATE TABLE IF NOT EXISTS "django_session" ("session_key" varchar(40) NOT NULL PRIMARY KEY, "session_data" text NOT NULL, "expire_date" datetime NOT NULL);
INSERT INTO django_session VALUES('0ckepxsdi3lfgksh9k4cvoqkm1422txx','.eJxVjDEOwjAMRe-SGUUxSdyUkZ0zRHZtSAGlUtNOiLtDpQ6w_vfef5lM61Ly2nTOo5iTAXP43ZiGh9YNyJ3qbbLDVJd5ZLspdqfNXibR53l3_w4KtfKtgwJEOKKEgJ4EPXPs8CqkQgjgVX1yAydI0XHnKUEQckjYs0qfxLw_2S439A:1rhK0Y:CwXIeE_2FTq1DG6h9EEXhqp-STium3xPicx1YYm-ftI','2024-03-19 01:54:18.357977');
INSERT INTO django_session VALUES('xz0pqa42wy8zopqevfefk099ty7kobwa','.eJxVjDEOwjAMRe-SGUUxSdyUkZ0zRHZtSAGlUtNOiLtDpQ6w_vfef5lM61Ly2nTOo5iTAXP43ZiGh9YNyJ3qbbLDVJd5ZLspdqfNXibR53l3_w4KtfKtgwJEOKKEgJ4EPXPs8CqkQgjgVX1yAydI0XHnKUEQckjYs0qfxLw_2S439A:1riofU:xS95y3X1M7ACNjzY33AygvLKu6Vd9G5-TmKWMgkcvz4','2024-03-23 04:50:44.615541');
INSERT INTO django_session VALUES('2dwqmr4uce001t8dmzjuaw96xef37e7z','.eJxVjDEOwjAMRe-SGUUxSdyUkZ0zRHZtSAGlUtNOiLtDpQ6w_vfef5lM61Ly2nTOo5iTAXP43ZiGh9YNyJ3qbbLDVJd5ZLspdqfNXibR53l3_w4KtfKtgwJEOKKEgJ4EPXPs8CqkQgjgVX1yAydI0XHnKUEQckjYs0qfxLw_2S439A:1rjZeT:KudYcztdrs0zmBla6MXp7ibjpNMnQoe8HyRV8O9M8nI','2024-03-25 07:00:49.824713');
CREATE TABLE IF NOT EXISTS "augments_augment" ("id" integer NOT NULL PRIMARY KEY AUTOINCREMENT, "name" varchar(20) NOT NULL, "description" varchar(200) NOT NULL, "tier" varchar(10) NOT NULL);
INSERT INTO augments_augment VALUES(1,'3에 깃든 힘 I','아군 3단계 유닛의 체력이 100, 시작 마나가 10, 공격 속도가 10% 증가합니다.','silver');
INSERT INTO augments_augment VALUES(2,'4후지원','다음으로 구매하는 4단계 챔피언은 즉시 2성 챔피언으로 업그레이드됩니다. 4골드를 획득합니다.','gold');
INSERT INTO augments_augment VALUES(3,'간이 대장간','지금 그리고 플레이어 대상 전투 10번마다 유물 모루를 획득합니다.','prismatic');
CREATE TABLE IF NOT EXISTS "authtoken_token" ("key" varchar(40) NOT NULL PRIMARY KEY, "created" datetime NOT NULL, "user_id" integer NOT NULL UNIQUE REFERENCES "auth_user" ("id") DEFERRABLE INITIALLY DEFERRED);
CREATE TABLE IF NOT EXISTS "comps_comp" ("id" integer NOT NULL PRIMARY KEY AUTOINCREMENT, "name" varchar(30) NOT NULL);
INSERT INTO comps_comp VALUES(4,'이야기꾼 리롤');
INSERT INTO comps_comp VALUES(6,'4암영 4기원자 알룬');
CREATE TABLE IF NOT EXISTS "comps_comp_champions" ("id" integer NOT NULL PRIMARY KEY AUTOINCREMENT, "comp_id" bigint NOT NULL REFERENCES "comps_comp" ("id") DEFERRABLE INITIALLY DEFERRED, "champion_id" bigint NOT NULL REFERENCES "champions_champion" ("id") DEFERRABLE INITIALLY DEFERRED);
INSERT INTO comps_comp_champions VALUES(25,4,2);
INSERT INTO comps_comp_champions VALUES(26,4,4);
INSERT INTO comps_comp_champions VALUES(27,4,5);
INSERT INTO comps_comp_champions VALUES(28,4,6);
INSERT INTO comps_comp_champions VALUES(29,4,7);
INSERT INTO comps_comp_champions VALUES(30,4,8);
INSERT INTO comps_comp_champions VALUES(31,4,9);
INSERT INTO comps_comp_champions VALUES(32,4,10);
INSERT INTO comps_comp_champions VALUES(35,6,1);
INSERT INTO comps_comp_champions VALUES(36,6,11);
INSERT INTO comps_comp_champions VALUES(37,6,12);
CREATE TABLE IF NOT EXISTS "champions_skill" ("id" integer NOT NULL PRIMARY KEY AUTOINCREMENT, "name" varchar(50) NOT NULL, "skill_type" varchar(10) NOT NULL, "max_mana" integer unsigned NULL CHECK ("max_mana" >= 0), "start_mana" integer unsigned NULL CHECK ("start_mana" >= 0), "effect" text NOT NULL, "description" text NOT NULL);
INSERT INTO champions_skill VALUES(1,'숲의 대장간','active',160,120,replace(replace('주문력 비례 보호막: 300% / 350% / 1200%\r\n보호막: 체력의 20% + 주문력 비례 보호막\r\n피해량: 300 / 450 / 1500 (주문력 비례)','\r',char(13)),'\n',char(10)),'4초 동안 피해를 흡수하는 보호막을 얻습니다. 2초 동안 멈출 수 없는 상태로 정신 집중을 하여 재련을 하며, 재련이 완료되면 주변의 적에게 마법 피해를 입힙니다. 가장 가까운 아군에게 임시로 완성한 아이템을 장착시켜 줍니다.');
INSERT INTO champions_skill VALUES(2,'용기','active',80,30,replace(replace('보호막: 주문력의 250% / 275% / 300%\r\n피해량: 공격력의 350% / 350% / 350%','\r',char(13)),'\n',char(10)),'5초 동안 보호막을 얻습니다. 가렌의 다음 공격이 추가 피해를 입힙니다.');
INSERT INTO champions_skill VALUES(3,'화려한 등장','active',70,30,replace(replace('피해량: 주문력의 270% / 405% / 1500%\r\n보호막: 주문력의 175% / 225% / 500%','\r',char(13)),'\n',char(10)),'가장 적이 많이 모여있는 곳으로 돌진하여 주변 2칸의 적에게 마법 피해를 입힙니다. 적중시킨 적 하나당 2초 동안 보호막을 얻고, 4초 동안 적이 주는 피해량을 10%만큼 감소시킵니다.');
INSERT INTO champions_skill VALUES(4,'부러진 날개','active',25,0,replace(replace('피해량: 공격력의 150% / 150% / 155%\r\n세 번째 사용 시 피해량: 공격력의 300% / 300% / 310%\r\n체력 회복: 주문력의 150% / 180% / 220%','\r',char(13)),'\n',char(10)),'현재 대상에게 물리 피해를 입힙니다. 세 번째 시전마다 추가로 주변 적에게 물리 피해를 입히고 체력을 회복합니다.');
INSERT INTO champions_skill VALUES(5,'구원자의 보호','active',140,70,replace(replace('피해량: 주문력의 100% / 150% / 1200%\r\n보호막: 주문력의 200% / 250% / 2000%\r\n방어력: 85 / 120 / 400 + 방어력의 50%\r\n마법 저항력: 100 / 150 / 500 + 마법 저항력의 50%','\r',char(13)),'\n',char(10)),'3칸 내의 적을 도발하고 4초 동안 방어력과 마법 저항력을 얻습니다. 이 시간 동안 갈리오는 행동 불가 및 저지 불가 상태가 됩니다.  이후 사거리 내의 모든 적에게 마법 피해를 입히고, 사거리 내의 아군에게는 4초 동안 보호막을 부여합니다.  도발: 사거리 내에 있는 공격이 가능한 적들이 도발한 대상을 공격합니다.');
INSERT INTO champions_skill VALUES(6,'폭뢰','active',180,80,replace(replace('피해량: 주문력의 150% / 225% / 1000%\r\n기절 지속시간: 1.75 / 2 / 8','\r',char(13)),'\n',char(10)),'적이 가장 많은 일직선 방향으로 충격파를 3회 방출해 마법 피해를 입히고 적중하는 모든 적을 기절시킵니다.');
INSERT INTO champions_skill VALUES(7,'계산된 공격!','active',60,20,replace(replace('1차 피해량: 주문력의 220% / 330% / 530%\r\n\r\n2차 피해량: 주문력의 100% / 150% / 240%','\r',char(13)),'\n',char(10)),'기본 지속 효과: 처치 시 전투가 끝날 때까지 튕기는 횟수가 1회 증가합니다.  사용 시: 미사일을 발사하여 현재 대상에게 마법 피해를 입힙니다. 미사일은 2칸 내의 가장 멀리 있는 유닛에게 튕겨 마법 피해를 입힙니다.');
INSERT INTO champions_skill VALUES(8,'사냥 개시','active',50,0,replace(replace('공격력: 95% / 95% / 100%\r\n공격 속도: 주문력의 15% / 20% / 25%','\r',char(13)),'\n',char(10)),'공격력이 증가하고, 5초 동안 자신과 주변 아군의 공격 속도를 증가시킵니다.');
INSERT INTO champions_skill VALUES(9,'종이 가시','active',75,30,'피해량: 주문력의 90% / 135% / 210%','덩굴 채찍손 2마리를 소환하여 가장 가까운 적을 3회 공격하도록 합니다. 덩굴 채찍손의 공격은 마법 피해를 입히며 대상에게 6초 동안 상처 효과를 적용합니다.  상처: 체력 회복량이 33% 감소합니다.');
INSERT INTO champions_skill VALUES(10,'검무','passive',0,0,replace(replace('기본 지속 효과 피해량: 공격력의 150% / 150% / 700%\r\n사용 시 공격력 비례 피해량: 300% / 300% / 2000%\r\n사용 시 피해량: 사용 시 공격력 비례 피해량 + 주문력의 100%','\r',char(13)),'\n',char(10)),'기본 지속 효과: 기본 공격 시 적 사이를 오가는 칼날을 내보내 물리 피해를 입히고 5초 동안 30%의 파열을 적용합니다. 기본 공격 8회 사용할 때마다 이 스킬을 사용합니다.  사용 시: 칼날을 조종해 체력이 가장 낮은 적 3명을 빠르게 공격하여 물리 피해를 입히고 적중 시 효과를 적용합니다.  이렐리아가 추가 공격 속도의 25%를 전환하여 칼날의 속도를 높이고 공격력을 50% 증가시킵니다.  파열: 방어력 감소');
INSERT INTO champions_skill VALUES(11,'잡아, 티버!','active',140,70,replace(replace('피해량: 주문력의 180% / 270% / 1500%\r\n주문력 비례 추가 체력: 주문력의 325% / 400% / 2500%\r\n추가 체력: 체력의 15% + 주문력 비례 추가 체력\r\n기본 지속 회복량 = 체력의 5%','\r',char(13)),'\n',char(10)),replace(replace('기본 지속 효과: 불태우기가 적용된 적에게 피해를 주면 체력을 회복합니다.\r\n\r\n사용 시: 첫 사용 시 티버에게 올라타 최대 체력을 얻고 2칸 내의 적을 1.5초 동안 기절시킵니다.\r\n\r\n2칸 내의 적에게 마법 피해를 입히고 8초 동안 불태우기와 상처 효과를 적용합니다.\r\n\r\n불태우기: 매초 대상 최대 체력의 1%에 해당하는 고정 피해를 입힙니다\r\n상처: 체력 회복량이 33% 감소합니다.','\r',char(13)),'\n',char(10)));
INSERT INTO champions_skill VALUES(12,'이익!','active',50,0,replace(replace('피해량: 주문력의 200% / 300% / 900%\r\n소형 구체 피해량: 주문력의 100% / 150% / 450%\r\n대형 구체 피해량: 주문력의 300% / 450% / 1350%','\r',char(13)),'\n',char(10)),replace(replace('현재 대상 방향으로 구체를 던져 처음 부딪히는 적과 그 주변 적에게 마법 피해를 입힙니다. 이후 구체는 작아진 상태로 계속 굴러가 부딪히는 적에게 마법 피해를 입힙니다.\r\n\r\n세 번 사용할 때마다 대상에게 거대 구체를 던져 마법 피해를 입힙니다. 이후 거대 구체는 3개의 소형 구체로 분열되어 가장 멀리 있는 적 방향으로 굴러갑니다.','\r',char(13)),'\n',char(10)));
INSERT INTO champions_skill VALUES(13,'도약의 만개','active',80,40,replace(replace('피해량 감소: 30% / 30% / 35%\r\n체력 회복: 275 / 300 / 350 (주문력 비례)\r\n피해량: 주문력의 200% / 300% / 475%','\r',char(13)),'\n',char(10)),'공중으로 뛰어올라 받는 피해가 감소하고 2초에 걸쳐 체력을 회복합니다. 이후 땅을 내려찍어 주변 적에게 마법 피해를 입힙니다.');
CREATE TABLE IF NOT EXISTS "synergies_job" ("id" integer NOT NULL PRIMARY KEY AUTOINCREMENT, "name" varchar(50) NOT NULL, "effect" text NOT NULL, "description" text NOT NULL);
INSERT INTO synergies_job VALUES(1,'거대 괴수',replace(replace('(2) 방어력 및 마법 저항력 +25\r\n\r\n(4) 방어력 및 마법 저항력 +45\r\n\r\n(6) 방어력 및 마법 저항력 +75','\r',char(13)),'\n',char(10)),'거대 괴수의 방어력과 마법 저항력이 증가합니다. 괴수가 사망할 때마다 가장 가까운 괴수가 5초 동안 해당 효과를 50% 추가로 얻습니다.');
INSERT INTO synergies_job VALUES(2,'파수꾼',replace(replace('(2) 피해 감소 15%\r\n\r\n(4) 피해 감소 25%\r\n\r\n(6) 피해 감소 40%','\r',char(13)),'\n',char(10)),'파수꾼이 받는 피해가 감소합니다. 전투 시작 직후 10초 동안 받는 피해가 12% 추가로 감소합니다.');
INSERT INTO synergies_job VALUES(3,'연인',replace(replace('(1) 연인이 전방 또는 후방 2열에 배치되는지에 따라 어떤 연인을 배치할지 변경합니다. 배치된 연인이 스킬을 사용하면 다른 연인은 추가 효과를 제공합니다.\r\n\r\n전방: 재주꾼 자야\r\n후방: 이타심 라칸','\r',char(13)),'\n',char(10)),'연인이 전방 또는 후방 2열에 배치되는지에 따라 어떤 연인을 배치할지 변경합니다. 배치된 연인이 스킬을 사용하면 다른 연인은 추가 효과를 제공합니다.');
INSERT INTO synergies_job VALUES(4,'이타심',replace(replace('(2) 방어력 및 마법 저항력 +10\r\n\r\n(3) 방어력 및 마법 저항력 +25\r\n\r\n(4) 방어력 및 마법 저항력 +40','\r',char(13)),'\n',char(10)),'이타심은 입힌 피해의 15%를 가장 체력이 낮은 아군의 체력으로 회복합니다. 아군의 방어력과 마법 저항력이 증가합니다.');
INSERT INTO synergies_job VALUES(5,'난동꾼',replace(replace('(2) 최대 체력 +20%\r\n\r\n(4) 최대 체력 +40%\r\n\r\n(6) 최대 체력 +65%\r\n\r\n(8) 최대 체력 +80%, 매 3초마다, 난동꾼이 다음 기본 공격 시 체력의 6%에 해당하는 추가 물리 피해를 입힙니다.','\r',char(13)),'\n',char(10)),'아군이 최대 체력을 100 얻습니다. 난동꾼은 추가 최대 체력을 얻습니다.');
INSERT INTO synergies_job VALUES(6,'비전 마법사',replace(replace('(2) 아군의 주문력 20 증가\r\n\r\n(4) 아군의 주문력 20 증가, 비전 마법사는 40 추가 증가\r\n\r\n(6) 아군의 주문력 40 증가, 비전 마법사는 80 추가 증가\r\n\r\n(8) 아군의 주문력 100 증가','\r',char(13)),'\n',char(10)),'비전 마법사가 주문력을 얻고 아군에게 주문력을 부여합니다.');
INSERT INTO synergies_job VALUES(7,'재주꾼',replace(replace('(2) 1회 튕김, 이전 피해량의 40%\r\n\r\n(4) 2회 튕김, 이전 피해량의 60%','\r',char(13)),'\n',char(10)),'재주꾼의 스킬이 튕깁니다. 튕길 때마다 이전에 입힌 피해량의 일정 비율만큼 피해를 입힙니다.');
INSERT INTO synergies_job VALUES(8,'현자',replace(replace('(2) 모든 피해 흡혈 +12%, 주문력 +15\r\n\r\n(3) 모든 피해 흡혈 +20%, 주문력 +30\r\n\r\n(4) 모든 피해 흡혈 +30%, 주문력 +45\r\n\r\n(5) 모든 피해 흡혈 +45%, 주문력 +70','\r',char(13)),'\n',char(10)),'전투 시작: 전방 2열의 아군이 모든 피해 흡혈을 얻습니다. 후방 2열의 아군이 주문력을 얻습니다.');
INSERT INTO synergies_job VALUES(9,'결투가',replace(replace('(2) 중첩당 공격 속도 +5%\r\n\r\n(4) 중첩당 공격 속도 +9%\r\n\r\n(6) 중첩당 공격 속도 +14%; 결투가가 받는 피해 15% 감소\r\n\r\n(8) 중첩당 공격 속도 +22%; 결투가가 받는 피해 24% 감소','\r',char(13)),'\n',char(10)),'결투가는 공격할 때마다 공격 속도를 얻습니다. 해당 효과는 12번까지 중첩됩니다.');
INSERT INTO synergies_job VALUES(10,'기원자',replace(replace('(2) 모든 아군이 5의 마나 회복\r\n\r\n(4) 기원자는 20 마나 회복, 다른 아군은 5 마나 회복\r\n\r\n(6) 기원자는 45 마나 회복, 다른 아군은 20 마나 회복','\r',char(13)),'\n',char(10)),'3초마다 아군 유닛의 마나가 회복됩니다.');
CREATE TABLE IF NOT EXISTS "synergies_origin" ("id" integer NOT NULL PRIMARY KEY AUTOINCREMENT, "name" varchar(50) NOT NULL, "effect" text NOT NULL, "description" text NOT NULL);
INSERT INTO synergies_origin VALUES(1,'숲지기',replace(replace('(2) +10 주문력, 적 사망당 체력 2 획득\r\n\r\n(4) +30 주문력, 적 사망당 체력 5 획득\r\n\r\n(6) +60 주문력, 적 사망당 체력 9 획득','\r',char(13)),'\n',char(10)),'숲지기가 주문력과 100의 체력을 얻습니다. 적이 사망할 때마다 추가 체력을 얻습니다.');
INSERT INTO synergies_origin VALUES(2,'이야기꾼',replace(replace('(3) 지원 효과를 선택합니다. 체력 +60 획득.\r\n\r\n(5) 전투 효과를 선택합니다. 체력 +100 획득.\r\n\r\n(7) 전투 효과를 선택합니다. 체력 +150 획득.\r\n\r\n(10) 초월합니다. 체력 +250 획득.','\r',char(13)),'\n',char(10)),'이야기꾼은 케일이라는 이름의 영웅을 소환해 진화시킵니다. 이야기꾼이 최대 체력을 얻습니다.  이야기꾼의 등급마다 케일의 체력과 주문력이 증가합니다. 케일은 게임 스테이지마다 10%의 공격 속도를 얻습니다.');
INSERT INTO synergies_origin VALUES(3,'용군주',replace(replace('(2) 피해량 5%, 공격속도 20% 증가.\r\n\r\n(3) 피해량 10%, 공격속도 30% 증가.\r\n\r\n(4) 피해량 12% 및 1.5초 동안 기절.\r\n\r\n(5) 피해량 18%, 공격속도 40% 증가.','\r',char(13)),'\n',char(10)),'8초 이상 전투를 벌이면 용이 전장을 공격해 적에게 고정 피해를 입히고 전투가 끝날 때까지 모든 아군에게 공격 속도를 부여합니다.');
INSERT INTO synergies_origin VALUES(4,'신화',replace(replace('(3) 체력 +10%, 주문력, 공격력 +12%\r\n\r\n(5) 체력 +16%, 주문력, 공격력 +20%\r\n\r\n(7) 체력 +24%, 주문력, 공격력 +32%\r\n\r\n(10) 즉시 서사가 됩니다. 보너스가 대신 250% 증가합니다.','\r',char(13)),'\n',char(10)),'신화 챔피언이 체력, 주문력, 공격력을 얻습니다.  플레이어 전투 4번 후 서사가 되어 보너스가 50% 증가합니다.');
INSERT INTO synergies_origin VALUES(5,'행운',replace(replace('(3) 주사위를 굴립니다. 그 횟수만큼의 플레이어 대상 전투에서 행운을 보상으로 변환할 수 있는 축제를 엽니다.\r\n\r\n(5) 플레이어 대상 전투가 시작될 때마다 플레이어 체력을 3 회복합니다.\r\n\r\n(7) 운명이 미소를 짓습니다! 턴마다 추가 보상과 더 많은 행운을 무조건 획득하고 축제를 엽니다.','\r',char(13)),'\n',char(10)),'전투에서 패배하면 행운을 얻습니다. 연이어 패배하면 더 많은 행운을 누적합니다.  승리하면 행운을 잃습니다.');
INSERT INTO synergies_origin VALUES(6,'천계',replace(replace('(2) 100% 증가\r\n\r\n(3) 115% 증가\r\n\r\n(4) 135% 증가\r\n\r\n(5) 165% 증가\r\n\r\n(6) 200% 증가\r\n\r\n(7) 240% 증가','\r',char(13)),'\n',char(10)),replace(replace('천계 챔피언은 아군에게 등급과 전장에 있는 천계 유닛의 수에 따라 증가하는 고유한 능력치를 부여합니다.\r\n\r\n카직스 - 치명타 확률 +15%\r\n말파이트 - 방어력 및 마법 저항력 +8\r\n니코 - 체력 +60\r\n키아나 - 공격력 +10%\r\n소라카 - 주문력 +10%\r\n오공 - 공격속도 +12%\r\n상징 - 모든 피해 흡혈 +3%\r\n\r\n2성 유닛은 30% 추가로 얻습니다.\r\n3성 유닛은 50% 추가로 얻습니다.','\r',char(13)),'\n',char(10)));
CREATE TABLE IF NOT EXISTS "encounters_encounter" ("id" integer NOT NULL PRIMARY KEY AUTOINCREMENT, "name" varchar(10) NOT NULL, "description_1" text NOT NULL, "description_2" text NOT NULL, "description_3" text NOT NULL, "description_4" text NOT NULL);
INSERT INTO encounters_encounter VALUES(1,'니코','3라운드 동안 지속되는 임시 3성 1단계 유닛을 얻습니다. 이 유닛은 팀 시너지에 영향을 주지 않습니다.','3라운드 동안 지속되는 임시 5단계 유닛을 얻습니다. 이 유닛은 팀 시너지에 영향을 주지 않습니다.','공동 선택 라운드의 챔피언이 챔피언 복제기를 추가로 보유합니다.','공동 선택 라운드의 챔피언이 하급 챔피언 복제기를 추가로 보유합니다.');
INSERT INTO encounters_encounter VALUES(2,'가렌','다음 3라운드 동안 구매한 모든 챔피언이 100의 체력을 영구적으로 획득합니다.','','','');
CREATE TABLE IF NOT EXISTS "portals_portal" ("id" integer NOT NULL PRIMARY KEY AUTOINCREMENT, "name" varchar(30) NOT NULL, "description" varchar(200) NOT NULL, "portal_type_id" bigint NULL REFERENCES "portals_portaltype" ("id") DEFERRABLE INITIALLY DEFERRED);
INSERT INTO portals_portal VALUES(1,'3단계 챔피언','무작위 3단계 챔피언을 지닌 상태에서 시작합니다.',1);
INSERT INTO portals_portal VALUES(2,'훈련 봇','훈련 봇을 지닌 상태에서 시작합니다.',2);
INSERT INTO portals_portal VALUES(3,'챔피언 복제기','챔피언 복제기를 지닌 상태에서 시작합니다',1);
INSERT INTO portals_portal VALUES(4,'거대한 전설이','115의 플레이어 체력을 지닌 상태에서 시작합니다.',3);
INSERT INTO portals_portal VALUES(5,'증강 획득','증강을 선택할 때마다 갖고 있는 증강 수에 따라 3골드를 획득합니다.',4);
INSERT INTO portals_portal VALUES(6,'실버 교향곡','이번 게임의 모든 증강이 실버 티어가 됩니다.',6);
INSERT INTO portals_portal VALUES(7,'조합 아이템 모루','조합 아이템 모루 2개를 지닌 상태에서 시작합니다.',7);
CREATE TABLE IF NOT EXISTS "portals_portaltype" ("id" integer NOT NULL PRIMARY KEY AUTOINCREMENT, "portal_type" varchar(10) NOT NULL);
INSERT INTO portals_portaltype VALUES(1,'champ');
INSERT INTO portals_portaltype VALUES(2,'combat');
INSERT INTO portals_portaltype VALUES(3,'spatula');
INSERT INTO portals_portaltype VALUES(4,'coin');
INSERT INTO portals_portaltype VALUES(6,'card');
INSERT INTO portals_portaltype VALUES(7,'item');
CREATE TABLE IF NOT EXISTS "medias_photo" ("id" integer NOT NULL PRIMARY KEY AUTOINCREMENT, "file" varchar(200) NOT NULL, "description" varchar(140) NOT NULL, "augment_id" bigint NULL REFERENCES "augments_augment" ("id") DEFERRABLE INITIALLY DEFERRED, "champion_id" bigint NULL REFERENCES "champions_champion" ("id") DEFERRABLE INITIALLY DEFERRED, "job_id" bigint NULL REFERENCES "synergies_job" ("id") DEFERRABLE INITIALLY DEFERRED, "origin_id" bigint NULL REFERENCES "synergies_origin" ("id") DEFERRABLE INITIALLY DEFERRED, "skill_id" bigint NULL REFERENCES "champions_skill" ("id") DEFERRABLE INITIALLY DEFERRED, "item_id" bigint NULL REFERENCES "items_item" ("id") DEFERRABLE INITIALLY DEFERRED, "encounter_id" bigint NULL REFERENCES "encounters_encounter" ("id") DEFERRABLE INITIALLY DEFERRED, "portal_id" bigint NULL REFERENCES "portals_portaltype" ("id") DEFERRABLE INITIALLY DEFERRED);
INSERT INTO medias_photo VALUES(1,'https://cdn.lolchess.gg/upload/images/champions/Garen_1709255348-Garen.jpg','가렌 초상화',NULL,2,NULL,NULL,NULL,NULL,2,NULL);
INSERT INTO medias_photo VALUES(3,'https://cdn.lolchess.gg/upload/images/champions/Ornn_1709255763-Ornn.jpg','오른 초상화',NULL,1,NULL,NULL,NULL,NULL,NULL,NULL);
INSERT INTO medias_photo VALUES(4,'https://cdn.lolchess.gg/upload/images/traits/Dryad_white_1709371956-drayd.svg','숲지기 초상화',NULL,NULL,NULL,1,NULL,NULL,NULL,NULL);
INSERT INTO medias_photo VALUES(5,'https://cdn.lolchess.gg/upload/images/champion-skills/Ornn_1709086344-ornnp.png','오른 스킬',NULL,NULL,NULL,NULL,1,NULL,NULL,NULL);
INSERT INTO medias_photo VALUES(6,'https://cdn.lolchess.gg/upload/images/traits/Behemoth_white_1709371422-behemoth.svg','거대 괴수',NULL,NULL,1,NULL,NULL,NULL,NULL,NULL);
INSERT INTO medias_photo VALUES(7,'https://cdn.lolchess.gg/upload/images/traits/Warden_white_1709371772-warden.svg','파수꾼',NULL,NULL,2,NULL,NULL,NULL,NULL,NULL);
INSERT INTO medias_photo VALUES(8,'https://cdn.lolchess.gg/upload/images/traits/Storyweaver_white_1709372057-storyweaver.svg','이야기꾼',NULL,NULL,NULL,2,NULL,NULL,NULL,NULL);
INSERT INTO medias_photo VALUES(9,'https://cdn.lolchess.gg/upload/images/champion-skills/Garen_1709106051-garen_w.png','가렌 스킬',NULL,NULL,NULL,NULL,2,NULL,NULL,NULL);
INSERT INTO medias_photo VALUES(10,'https://cdn.lolchess.gg/upload/images/champion-skills/Rakan_1709173222-rakan_w.png','라칸 스킬',NULL,NULL,NULL,NULL,3,NULL,NULL,NULL);
INSERT INTO medias_photo VALUES(11,'https://cdn.lolchess.gg/upload/images/traits/Lovers_white_1709371662-lovers.svg','연인',NULL,NULL,3,NULL,NULL,NULL,NULL,NULL);
INSERT INTO medias_photo VALUES(12,'https://cdn.lolchess.gg/upload/images/traits/Altruist_white_1709371718-altruist.svg','이타심',NULL,NULL,4,NULL,NULL,NULL,NULL,NULL);
INSERT INTO medias_photo VALUES(13,'https://cdn.lolchess.gg/upload/images/traits/Dragonlord_white_1709372026-dragonlord.svg','용군주',NULL,NULL,NULL,3,NULL,NULL,NULL,NULL);
INSERT INTO medias_photo VALUES(14,'https://cdn.lolchess.gg/upload/images/champions/Rakan_1709263358-Rakan.jpg','라칸 초상화',NULL,3,NULL,NULL,NULL,NULL,NULL,NULL);
INSERT INTO medias_photo VALUES(15,'https://cdn.lolchess.gg/upload/images/traits/Duelist_white_1709371393-duelist.svg','결투가',NULL,NULL,9,NULL,NULL,NULL,NULL,NULL);
INSERT INTO medias_photo VALUES(16,'https://cdn.lolchess.gg/upload/images/traits/Bruiser_white_1709371605-bruiser.svg','난동꾼',NULL,NULL,5,NULL,NULL,NULL,NULL,NULL);
INSERT INTO medias_photo VALUES(17,'https://cdn.lolchess.gg/upload/images/traits/Arcanist_white_1709371623-arcanist.svg','비전 마법사',NULL,NULL,6,NULL,NULL,NULL,NULL,NULL);
INSERT INTO medias_photo VALUES(18,'https://cdn.lolchess.gg/upload/images/traits/Trickshot_white_1709371754-trickshot.svg','재주꾼',NULL,NULL,7,NULL,NULL,NULL,NULL,NULL);
INSERT INTO medias_photo VALUES(19,'https://cdn.lolchess.gg/upload/images/traits/Mythic_white_1709372005-mythic.svg','신화',NULL,NULL,NULL,4,NULL,NULL,NULL,NULL);
INSERT INTO medias_photo VALUES(20,'https://cdn.lolchess.gg/upload/images/traits/Fortune_white_1709372107-fortune.svg','행운',NULL,NULL,NULL,5,NULL,NULL,NULL,NULL);
INSERT INTO medias_photo VALUES(21,'https://cdn.lolchess.gg/upload/images/traits/Sage_white_1709371788-sage.svg','현자',NULL,NULL,8,NULL,NULL,NULL,NULL,NULL);
INSERT INTO medias_photo VALUES(22,'https://cdn.lolchess.gg/upload/images/champions/Sivir_1709255862-Sivir.jpg','시비르 초상화',NULL,8,NULL,NULL,NULL,NULL,NULL,NULL);
INSERT INTO medias_photo VALUES(23,'https://cdn.lolchess.gg/upload/images/champions/Riven_1709255823-Riven.jpg','리븐 초상화',NULL,4,NULL,NULL,NULL,NULL,NULL,NULL);
INSERT INTO medias_photo VALUES(24,'https://cdn.lolchess.gg/upload/images/champions/Zyra_1709256049-Zyra.jpg','자이라 초상화',NULL,9,NULL,NULL,NULL,NULL,NULL,NULL);
INSERT INTO medias_photo VALUES(25,'https://cdn.lolchess.gg/upload/images/champions/Zoe_1709256042-Zoe.jpg','조이 초상화',NULL,7,NULL,NULL,NULL,NULL,NULL,NULL);
INSERT INTO medias_photo VALUES(26,'https://cdn.lolchess.gg/upload/images/champions/Galio_1709255320-Galio.jpg','갈리오 초상화',NULL,5,NULL,NULL,NULL,NULL,NULL,NULL);
INSERT INTO medias_photo VALUES(27,'https://cdn.lolchess.gg/upload/images/champions/Irelia_1709255405-Irelia.jpg','이렐리아 초상화',NULL,10,NULL,NULL,NULL,NULL,NULL,NULL);
INSERT INTO medias_photo VALUES(28,'https://cdn.lolchess.gg/upload/images/champion-skills/Sivir_1709108345-sivir_r.png','시비르 스킬',NULL,NULL,NULL,NULL,8,NULL,NULL,NULL);
INSERT INTO medias_photo VALUES(29,'https://cdn.lolchess.gg/upload/images/champion-skills/Riven_1709111877-rivenbrokenwings.png','리븐 스킬',NULL,NULL,NULL,NULL,4,NULL,NULL,NULL);
INSERT INTO medias_photo VALUES(30,'https://cdn.lolchess.gg/upload/images/champion-skills/Zyra_1709116682-zyraq.png','자이라 스킬',NULL,NULL,NULL,NULL,9,NULL,NULL,NULL);
INSERT INTO medias_photo VALUES(31,'https://cdn.lolchess.gg/upload/images/champion-skills/Zoe_1709177225-zoe_q2.png','조이 스킬',NULL,NULL,NULL,NULL,7,NULL,NULL,NULL);
INSERT INTO medias_photo VALUES(32,'https://cdn.lolchess.gg/upload/images/champion-skills/Galio_1709174746-galio_r%20(1).png','갈리오 스킬',NULL,NULL,NULL,NULL,5,NULL,NULL,NULL);
INSERT INTO medias_photo VALUES(33,'https://cdn.lolchess.gg/upload/images/champion-skills/Irelia_1709086888-irelia_r.png','이렐리아 스킬',NULL,NULL,NULL,NULL,10,NULL,NULL,NULL);
INSERT INTO medias_photo VALUES(34,'https://cdn.lolchess.gg/upload/images/champion-skills/Nautilus_1709175710-nautilus_grandline.png','노틸러스 스킬',NULL,NULL,NULL,NULL,6,NULL,NULL,NULL);
INSERT INTO medias_photo VALUES(36,'https://cdn.lolchess.gg/upload/images/champions/Nautilus_1709255615-Nautilus.jpg','노틸러스 초상화',NULL,6,NULL,NULL,NULL,NULL,NULL,NULL);
INSERT INTO medias_photo VALUES(37,'https://cdn.lolchess.gg/upload/images/champions/Annie_1709255151-Annie.jpg','애니 초상화',NULL,11,NULL,NULL,NULL,NULL,NULL,NULL);
INSERT INTO medias_photo VALUES(38,'https://cdn.lolchess.gg/upload/images/traits/Invoker_white_1709371581-invoker.svg','기원자',NULL,NULL,10,NULL,NULL,NULL,NULL,NULL);
INSERT INTO medias_photo VALUES(40,'https://cdn.lolchess.gg/upload/images/champion-skills/Annie_1709174433-annie_e.png','애니 스킬',NULL,NULL,NULL,NULL,11,NULL,NULL,NULL);
INSERT INTO medias_photo VALUES(41,'https://cdn.lolchess.gg/upload/images/champions/Lillia_1709255531-Lillia.jpg','릴리아 초상화',NULL,12,NULL,NULL,NULL,NULL,NULL,NULL);
INSERT INTO medias_photo VALUES(42,'https://cdn.lolchess.gg/upload/images/champion-skills/Lillia_1709086222-lillia_icon_e.png','릴리아 스킬',NULL,NULL,NULL,NULL,12,NULL,NULL,NULL);
INSERT INTO medias_photo VALUES(43,'http://cdn.lolchess.gg/upload/images/traits/Storyweaver_black_1709372057-storyweaver.svg','이야기꾼 검정',NULL,NULL,NULL,2,NULL,NULL,NULL,NULL);
INSERT INTO medias_photo VALUES(44,'http://cdn.lolchess.gg/upload/images/traits/Arcanist_black_1709371622-arcanist.svg','비전마법사 검정',NULL,NULL,6,NULL,NULL,NULL,NULL,NULL);
INSERT INTO medias_photo VALUES(45,'http://cdn.lolchess.gg/upload/images/traits/Bruiser_black_1709371605-bruiser.svg','난동꾼 검정',NULL,NULL,5,NULL,NULL,NULL,NULL,NULL);
INSERT INTO medias_photo VALUES(46,'http://cdn.lolchess.gg/upload/images/traits/Warden_black_1709371772-warden.svg','파수꾼 검정',NULL,NULL,2,NULL,NULL,NULL,NULL,NULL);
INSERT INTO medias_photo VALUES(47,'http://cdn.lolchess.gg/upload/images/traits/Altruist_black_1709371718-altruist.svg','이타심 검정',NULL,NULL,4,NULL,NULL,NULL,NULL,NULL);
INSERT INTO medias_photo VALUES(48,'http://cdn.lolchess.gg/upload/images/traits/Duelist_black_1709371393-duelist.svg','결투가 검정',NULL,NULL,9,NULL,NULL,NULL,NULL,NULL);
INSERT INTO medias_photo VALUES(49,'http://cdn.lolchess.gg/upload/images/traits/Fortune_black_1709372107-fortune.svg','행운 검정',NULL,NULL,NULL,5,NULL,NULL,NULL,NULL);
INSERT INTO medias_photo VALUES(50,'http://cdn.lolchess.gg/upload/images/traits/Mythic_black_1709372005-mythic.svg','신화 검정',NULL,NULL,NULL,4,NULL,NULL,NULL,NULL);
INSERT INTO medias_photo VALUES(51,'http://cdn.lolchess.gg/upload/images/traits/Sage_black_1709371787-sage.svg','현자 검정',NULL,NULL,8,NULL,NULL,NULL,NULL,NULL);
INSERT INTO medias_photo VALUES(52,'http://cdn.lolchess.gg/upload/images/traits/Trickshot_black_1709371754-trickshot.svg','재주꾼 검정',NULL,NULL,7,NULL,NULL,NULL,NULL,NULL);
INSERT INTO medias_photo VALUES(53,'http://cdn.lolchess.gg/upload/images/traits/Lovers_black_1709371662-lovers.svg','연인 검정',NULL,NULL,3,NULL,NULL,NULL,NULL,NULL);
INSERT INTO medias_photo VALUES(54,'http://cdn.lolchess.gg/upload/images/traits/Lovers_black_1709371662-lovers.svg','용군주 검정',NULL,NULL,NULL,3,NULL,NULL,NULL,NULL);
INSERT INTO medias_photo VALUES(55,'http://cdn.lolchess.gg/upload/images/traits/Behemoth_black_1709371422-behemoth.svg','거대괴수 검정',NULL,NULL,1,NULL,NULL,NULL,NULL,NULL);
INSERT INTO medias_photo VALUES(56,'http://cdn.lolchess.gg/upload/images/traits/Invoker_black_1709371581-invoker.svg','기원자 검정',NULL,NULL,10,NULL,NULL,NULL,NULL,NULL);
INSERT INTO medias_photo VALUES(57,'http://cdn.lolchess.gg/upload/images/traits/Dryad_black_1709371955-drayd.svg','숲지기 검정',NULL,NULL,NULL,1,NULL,NULL,NULL,NULL);
INSERT INTO medias_photo VALUES(61,'https://cdn.lolchess.gg/upload/images/traits/Heavenly_white_1709372075-heavenly.svg','천계',NULL,NULL,NULL,6,NULL,NULL,NULL,NULL);
INSERT INTO medias_photo VALUES(62,'https://cdn.lolchess.gg/upload/images/traits/Heavenly_black_1709372075-heavenly.svg','천계 검정',NULL,NULL,NULL,6,NULL,NULL,NULL,NULL);
INSERT INTO medias_photo VALUES(63,'https://cdn.lolchess.gg/upload/images/champions/Neeko_1709255750-Neeko.jpg','니코 초상화',NULL,13,NULL,NULL,NULL,NULL,1,NULL);
INSERT INTO medias_photo VALUES(64,'https://cdn.lolchess.gg/upload/images/champion-skills/Neeko_1709111193-neeko_w.png','니코 스킬',NULL,NULL,NULL,NULL,13,NULL,NULL,NULL);
INSERT INTO medias_photo VALUES(65,'https://cdn.lolchess.gg/upload/images/items/TriForce_1654841806.png','3에 깃든 힘 I',1,NULL,NULL,NULL,NULL,NULL,NULL,NULL);
INSERT INTO medias_photo VALUES(66,'https://cdn.dak.gg/tft/images2/sets/set10/portals/ico-champ_icon.png','챔피언 차원문',NULL,NULL,NULL,NULL,NULL,NULL,NULL,1);
INSERT INTO medias_photo VALUES(67,'https://cdn.dak.gg/tft/images2/sets/set10/portals/ico-combat_icon.png','전투 차원문',NULL,NULL,NULL,NULL,NULL,NULL,NULL,2);
INSERT INTO medias_photo VALUES(68,'https://cdn.dak.gg/tft/images2/sets/set10/portals/ico-spatula_icon.png','뒤집개 차원문',NULL,NULL,NULL,NULL,NULL,NULL,NULL,3);
INSERT INTO medias_photo VALUES(69,'https://cdn.dak.gg/tft/images2/sets/set10/portals/ico-coins_icon.png','골드 차원문',NULL,NULL,NULL,NULL,NULL,NULL,NULL,4);
INSERT INTO medias_photo VALUES(70,'https://cdn.dak.gg/tft/images2/sets/set10/portals/ico-augmentcards_icon.png','증강 차원문',NULL,NULL,NULL,NULL,NULL,NULL,NULL,6);
INSERT INTO medias_photo VALUES(71,'https://cdn.dak.gg/tft/images2/sets/set10/portals/ico-item_icon.png','아이템 차원문',NULL,NULL,NULL,NULL,NULL,NULL,NULL,7);
INSERT INTO medias_photo VALUES(72,'https://cdn.lolchess.gg/upload/images/items/ReinFOURcement_1709770037-reinfourcement_ii.tft_set11.png','4후지원',2,NULL,NULL,NULL,NULL,NULL,NULL,NULL);
INSERT INTO medias_photo VALUES(73,'https://cdn.lolchess.gg/upload/images/items/LivingForge_1653545956.png','간이 대장간',3,NULL,NULL,NULL,NULL,NULL,NULL,NULL);
CREATE TABLE IF NOT EXISTS "items_item" ("id" integer NOT NULL PRIMARY KEY AUTOINCREMENT, "name" varchar(40) NOT NULL, "description" text NOT NULL, "effect" text NOT NULL, "generableItem" bool NOT NULL, "composition1" varchar(50) NOT NULL, "composition2" varchar(50) NOT NULL, "tags" text NOT NULL, "inGameKey" varchar(40) NOT NULL, "key" varchar(40) NOT NULL, "imageUrl" varchar(200) NOT NULL);
INSERT INTO items_item VALUES(9,'적응형 투구','전투 시작: 시작 위치에 따라 추가 효과 획득<br/><br/>전방 2열: 방어력, 마법 저항력 40 증가, 기본 공격에 맞으면 마나 1 획득<br/><br/>후방 2열: 주문력 20 증가, 3초마다 마나 10 획득','마나 +15<br/>주문력 +15<br/>마법 저항력 +20',1,'Tearofthegoddess','NegatronCloak','normal','TFT_Item_AdaptiveHelm','AdaptiveHelm','http://cdn.lolchess.gg/upload/images/items/AdaptiveHelm_1693209131-6665_tank_t4_jakshotheprotean.png');
INSERT INTO items_item VALUES(10,'군단의 방패','전투 시작: 장착 유닛, 인접 아군, 그 뒤 모든 아군이 12초 동안 공격 속도 30%, 방어력과 마법 저항력 15 증가<br><br>​​[지원 아이템]','체력 +250',0,'','','support','TFT_Item_AegisOfTheLegion','AegisoftheLegion','http://cdn.lolchess.gg/upload/images/items/AegisoftheLegion_1693365506-ZzRotPortal_1667202928-zzrot_portal.png');
INSERT INTO items_item VALUES(11,'보석 건틀릿','스킬에 치명타 적용 가능<br><br>기본 스킬에 치명타 적용이 가능한 경우 치명타 피해량이 10% 증가','주문력 +35<br>치명타 확률 +35%',1,'NeedlesslyLargeRod','SparringGloves','normal','TFT_Item_JeweledGauntlet','ArcaneGauntlet','http://cdn.lolchess.gg/upload/images/items/ArcaneGauntlet_1710231256-jeweled_guantlet.png');
INSERT INTO items_item VALUES(12,'밴시의 장막','[고유] 전투 시작: 장착 유닛과 1칸 내에 있는 같은 열의 아군이 18초 동안 군중 제어에 대한 면역과 25%의 공격 속도를 얻습니다.<br><br>[지원 아이템]','체력 +250',0,'','','support','TFT_Item_BansheesVeil','BansheesVeil','http://cdn.lolchess.gg/upload/images/items/BansheesVeil_1693365519-banshees_veil.png');
INSERT INTO items_item VALUES(13,'B.F. 대검','공격력 +10%','',0,'','','basic','TFT_Item_BFSword','BFSword','http://cdn.lolchess.gg/upload/images/items/BFSword_1658364277-1038.png');
INSERT INTO items_item VALUES(14,'대장장이의 장갑','준비 단계마다 오른 유물 2개 일시 획득<br><br>[아이템 슬롯 3개 차지]','',0,'','','artifact','TFT9_Item_OrnnPrototypeForge','BlacksmithsGloves','http://cdn.lolchess.gg/upload/images/items/BlacksmithsGloves_1710231296-tft9_ornnitem_blacksmithsgloves.png');
INSERT INTO items_item VALUES(15,'피바라기','모든 피해 흡혈 20% 획득<br><br>전투당 한 번: 체력이 40%일 때 최대 체력의 25%에 해당하는 보호막 획득 후 최대 5초까지 유지<br><br>모든 피해 흡혈: 입힌 피해의 일부만큼 체력 회복','공격력 +20%<br>주문력 +15<br>마법 저항력 +20',1,'BFSword','NegatronCloak','normal','TFT_Item_Bloodthirster','Bloodthirster','http://cdn.lolchess.gg/upload/images/items/Bloodthirster_1710231763-bloodthirster.png');
INSERT INTO items_item VALUES(16,'푸른 파수꾼','[고유] 최대 마나 10 감소<br>장착한 유닛이 처치 관여 시 8초 동안 8%의 추가 피해','마나 +20<br>주문력 +20<br>공격력 +20',1,'Tearofthegoddess','Tearofthegoddess','normal','TFT_Item_BlueBuff','BlueSentinel','http://cdn.lolchess.gg/images/tft/item/BlueBuff.png');
INSERT INTO items_item VALUES(17,'덤불 조끼','5%의 최대 체력 획득<br><br>기본 공격으로 받는 피해 8% 감소. 기본 공격에 맞을 경우 인접한 모든 적에게 100의 마법 피해<br><br>재사용 대기시간: 2초','방어력 +55',1,'ChainVest','ChainVest','normal','TFT_Item_BrambleVest','BrambleVest','http://cdn.lolchess.gg/upload/images/items/BrambleVest_1640058438.png');
INSERT INTO items_item VALUES(18,'난동꾼 상징','[고유] 장착 시 난동꾼 특성 획득','체력 +150',0,'','','emblem','TFT10_Item_BrawlerEmblem','BrawlerEmblem','http://cdn.lolchess.gg/upload/images/items/BruiserEmblem_1699507373-tft_set10_emblem_brawler.png');
INSERT INTO items_item VALUES(19,'쇠사슬 조끼','방어력 +20','',0,'','','basic','TFT_Item_ChainVest','ChainVest','http://cdn.lolchess.gg/upload/images/items/ChainVest_1640058945.png');
INSERT INTO items_item VALUES(20,'힘의 성배','전투 시작: 장착 유닛과 2칸 내에 있는 같은 열의 아군이 25의 주문력과 10의 마나 획득<br><br>[지원 아이템]','체력 +250',0,'','','support','TFT_Item_Chalice','Chalice','http://cdn.lolchess.gg/upload/images/items/Chalice_1693365587-chalice_of_power.png');
INSERT INTO items_item VALUES(21,'크라운가드','전투 시작: 8초 동안 최대 체력의 30%에 해당하는 보호막 획득<br>보호막이 사라지면 주문력 35 증가','주문력 +20<br>방어력 +20<br>체력 +100',1,'NeedlesslyLargeRod','ChainVest','normal','TFT_Item_Crownguard','Crownguard','http://cdn.lolchess.gg/upload/images/items/Crownguard_1710231584-crownguard.png');
INSERT INTO items_item VALUES(22,'왕가의 방패','전투 시작: 8초 동안 최대 체력의 50%에 해당하는 보호막 획득. 보호막이 사라지면 주문력이 50 증가','주문력 +50<br>방어력 +40<br>체력 +250',0,'','','radiant','TFT5_Item_CrownguardRadiant','CrownguardRadiant','http://cdn.lolchess.gg/upload/images/items/CrownguardRadiant_1693376378-crownguard_radiant.png');
INSERT INTO items_item VALUES(23,'죽음불꽃 손아귀','[고유] 전투 시작 시: 장착한 유닛의 대상에게 에너지 폭발을 일으켜 표식을 남기고 대상 최대 체력의 20%에 해당하는 마법 피해를 입힙니다.<br><br>10초 동안, 장착한 유닛의 공격과 스킬은 피해량이 표식이 있는 적을 대상으로 35%, 다른 유닛에게는 25%의 추가 피해를 입힙니다.','마나 +15<br>주문력 +50',0,'','','artifact','TFT9_Item_OrnnDeathfireGrasp','DeathfireGrasp','http://cdn.lolchess.gg/upload/images/items/DeathfireGrasp_1710231479-tft9_ornnitem_deathfiregrasp.png');
INSERT INTO items_item VALUES(24,'용의 발톱','9%의 최대 체력 획득<br><br>2초마다 최대 체력의 5% 회복','마법 저항력 +55',1,'NegatronCloak','NegatronCloak','normal','TFT_Item_DragonsClaw','DragonsClaw','http://cdn.lolchess.gg/upload/images/items/DragonsClaw_1640058416.png');
INSERT INTO items_item VALUES(25,'저녁갑주','2칸 내에 있는 적을 30% 파열. 전투 시작 후 10초 동안 방어력과 마법 저항력 25 증가<br><br>파열: 방어력 감소','체력 +150<br>마법 저항력 +20',1,'NegatronCloak','GiantsBelt','normal','TFT_Item_SpectralGauntlet','Evenshroud','http://cdn.lolchess.gg/upload/images/items/Evenshroud_1693041191-3001_support_lunari.png');
INSERT INTO items_item VALUES(26,'별의 균형','3칸 내에 있는 적 30% 파열. 전투 시작 후 15초 동안 50의 방어력과 마법 저항력 증가<br><br>파열: 방어력 감소','체력 +500<br>마법 저항력 +30',0,'','','radiant','TFT5_Item_SpectralGauntletRadiant','EvenshroudRadiant','http://cdn.lolchess.gg/upload/images/items/EvenshroudRadiant_1693376501-evenshroud_radiant.png');
INSERT INTO items_item VALUES(27,'수호자의 맹세','전투당 한 번: 체력이 40%일 때 최대 체력의 25%에 해당하는 보호막 획득 후 5초 동안 유지. 동시에 방어력 20, 마법 저항력 20 획득','시작 마나 +30<br>방어력 +20',1,'Tearofthegoddess','ChainVest','normal','TFT_Item_FrozenHeart','Fimbulwinter','http://cdn.lolchess.gg/upload/images/items/Fimbulwinter_1660869394-3119_wintersapproach.png');
INSERT INTO items_item VALUES(28,'철갑의 서약','전투당 한 번, 체력이 40%일 때 최대 체력의 50%에 해당하는 보호막 획득 후 10초 동안 유지. 동시에 방어력 및 마법 저항력 60 획득','마나 +30<br>방어력 +40',0,'','','radiant','TFT5_Item_FrozenHeartRadiant','FimbulwinterRadiant','http://cdn.lolchess.gg/upload/images/items/FimbulwinterRadiant_1662688928-fimbulwinter_radiant.png');
INSERT INTO items_item VALUES(29,'전략가의 왕관','아군의 최대 팀 규모 +1 증가','',1,'Spatula','Spatula','normal','TFT_Item_ForceOfNature','ForceofNature','http://cdn.lolchess.gg/upload/images/items/ForceofNature_1640059110.png');
INSERT INTO items_item VALUES(30,'도박꾼의 칼날','보유한 골드당 추가 공격 속도 1% 획득 (최대 30골드)<br><br>공격할 때마다 4% 확률로 1골드 획득','주문력 +10, 공격 속도 +40%',0,'','','artifact','TFT7_Item_ShimmerscaleGamblersBlade','GamblersBlade','https://cdn.lolchess.gg/upload/images/items/GamblersBlade_1699930369-tft10_gamblersblade.tft_set10%20(1).png');
INSERT INTO items_item VALUES(31,'다이아몬드 손','전투당 1회: 체력이 50%일 때 1.5초 동안 무적 상태가 되고 1골드 획득','체력 +400, 주문력 +25',0,'','','artifact','TFT7_Item_ShimmerscaleDiamondHands','DiamondHands','https://cdn.lolchess.gg/upload/images/items/DiamondHands_1699930360-tft10_diamondhands.tft_set10%20(1).png');
INSERT INTO items_item VALUES(32,'거인의 허리띠','체력 +150','',0,'','','basic','TFT_Item_GiantsBelt','GiantsBelt','http://cdn.lolchess.gg/upload/images/items/GiantsBelt_1658368751-1011.png');
INSERT INTO items_item VALUES(33,'거인 학살자','최대 체력이 1600 이상인 적에게 피해량 25% 증가','공격력 +30%<br>주문력 +20<br>공격 속도 +10%',1,'BFSword','RecurveBow','normal','TFT_Item_MadredsBloodrazor','GiantSlayer','http://cdn.lolchess.gg/upload/images/items/GiantSlayer_1670462997-giant_slayer.png');
INSERT INTO items_item VALUES(34,'황금술사의 지팡이','보유한 골드당 주문력을 1 획득하고 (최대 30골드) 적을 처치할 때마다 40% 확률로 1골드 획득','마나 +15<br>주문력 +45',0,'','','artifact','TFT7_Item_ShimmerscaleGoldmancersStaff','GoldmancersStaff','http://cdn.lolchess.gg/upload/images/items/GoldmancersStaff_1693364928-goldmancersstaff.png');
INSERT INTO items_item VALUES(35,'방패파괴자','보호막이 있는 적 공격 후 3초 동안 스킬 및 기본 공격 피해량 25% 증가','체력 +150<br>공격 속도 +20%<br>주문력 +10<br>치명타 확률 +20%',1,'GiantsBelt','SparringGloves','normal','TFT_Item_PowerGauntlet','Guardbreaker','http://cdn.lolchess.gg/upload/images/items/Guardbreaker_1668157355-6631_fighter_t4_stridebreaker.png');
INSERT INTO items_item VALUES(36,'밤의 끝자락','[고유] 전투당 1회: 체력이 60%일 때 잠시 대상으로 지정할 수 없는 상태가 되며 해로운 효과 제거. 이후 추가 공격 속도 15% 획득.','공격력 +10%<br>방어력 +20',1,'BFSword','ChainVest','normal','TFT_Item_GuardianAngel','GuardianAngel','http://cdn.lolchess.gg/upload/images/items/GuardianAngel_1643780049.png');
INSERT INTO items_item VALUES(37,'구인수의 격노검','공격 시 공격 속도가 5% 증가 (중첩 가능)','주문력 +10<br>공격 속도 +15%',1,'RecurveBow','NeedlesslyLargeRod','normal','TFT_Item_GuinsoosRageblade','GuinsoosRageblade','http://cdn.lolchess.gg/upload/images/items/GuinsoosRageblade_1710231564-guinsoos_rageblade.png');
INSERT INTO items_item VALUES(38,'정의의 손길','2가지 효과 획득:<br>- 공격력 +15% 및 주문력 +15<br>- 모든 피해 흡혈 15%<br><br>라운드마다 위 효과 중 1개 무작위로 두 배 증가<br><br>모든 피해 흡혈: 입힌 피해의 일부만큼 체력 회복','마나 +15<br>치명타 확률 +20%',1,'Tearofthegoddess','SparringGloves','normal','TFT_Item_UnstableConcoction','HandofJustice','http://cdn.lolchess.gg/upload/images/items/HandofJustice_1710231506-hand_of_justice.png');
INSERT INTO items_item VALUES(39,'마법공학 총검','모든 피해 흡혈 22% 획득. 체력 비율이 가장 낮은 아군의 체력 회복<br><br>모든 피해 흡혈: 입힌 피해의 일부만큼 체력 회복','공격력 +15%<br>주문력 +15',1,'BFSword','NeedlesslyLargeRod','normal','TFT_Item_HextechGunblade','HextechGunblade','http://cdn.lolchess.gg/upload/images/items/HextechGunblade_1640058876.png');
INSERT INTO items_item VALUES(40,'선체분쇄자','전투 시작: 인접한 아군이 없으면 체력 600 획득','방어력 +35, 마법 저항력 +35, 공격 속도 +30%',0,'','','artifact','TFT9_Item_OrnnHullbreaker','Hullcrusher','http://cdn.lolchess.gg/upload/images/items/Hullcrusher_1710231525-tft9_ornnitem_hullbreaker.png');
INSERT INTO items_item VALUES(41,'무한의 대검','스킬에 치명타 적용 가능<br><br>기본 스킬에 치명타 적용이 가능한 경우, 대신에 치명타 피해량이 10% 증가','공격력 +35%<br>치명타 확률 +35%',1,'BFSword','SparringGloves','normal','TFT_Item_InfinityEdge','InfinityEdge','http://cdn.lolchess.gg/upload/images/items/InfinityEdge_1710231690-infinity_edge.png');
INSERT INTO items_item VALUES(42,'이온 충격기','2칸 내에 있는 모든 적 파쇄 30%. 해당 적이 스킬 사용 시 최대 마나의 160%에 해당하는 마법 피해를 입음<br><br>파쇄: 마법 저항력 감소','체력 +200<br>주문력 +15<br>마법 저항력 +25',1,'NeedlesslyLargeRod','NegatronCloak','normal','TFT_Item_IonicSpark','IonicSpark','http://cdn.lolchess.gg/upload/images/items/IonicSpark_1640059091.png');
INSERT INTO items_item VALUES(43,'가고일 돌갑옷','적의 공격 대상이 되면 방어력이 10, 마법 저항력이 10 증가. 공격하는 적이 늘어나면 중첩되어 적용.','체력 +100<br>방어력 +35<br>마법 저항력 +35',1,'ChainVest','NegatronCloak','normal','TFT_Item_GargoyleStoneplate','IronWill','http://cdn.lolchess.gg/upload/images/items/IronWill_AnyIyxtEcc5fby5mgL1NNIwzm76wiG0yxwcPQ7nj.png');
INSERT INTO items_item VALUES(44,'해신 작쇼','전투 시작:<br><br>전방 2열: 방어력, 마법 저항력 80, 기본 공격에 맞으면 마나 2 획득<br><br>후방 2열: 주문력 55. 3초마다 마나 20 획득','주문력 +15<br>마나 +15<br>마법 저항력 +30',0,'','','radiant','TFT5_Item_AdaptiveHelmRadiant','JakshotheProtean','http://cdn.lolchess.gg/upload/images/items/JakshotheProtean_1693364692-adaptive_helm_radiant.png');
INSERT INTO items_item VALUES(45,'최후의 속삭임','[고유] 물리 피해를 입힐 경우 3초 동안 30% 파열 (중첩 불가)<br><br>파열: 방어력 감소','공격력 +15%<br>공격 속도 +25%<br>치명타 확률 +20%',1,'RecurveBow','SparringGloves','normal','TFT_Item_LastWhisper','LastWhisper','http://cdn.lolchess.gg/upload/images/items/LastWhisper_1710231513-last_whisper.png');
INSERT INTO items_item VALUES(46,'강철의 솔라리 펜던트','전투 시작: 장착한 유닛과 가로로 2칸 내에 있는 모든 아군이 20초 동안 250의 피해를 흡수하는 보호막, 20의 방어력과 마법 저항력 획득<br><br>[지원 아이템]','체력 +250',1,'','','support','TFT_Item_LocketOfTheIronSolari','LocketoftheIronSolari','http://cdn.lolchess.gg/upload/images/items/LocketoftheIronSolari_1693365491-locket_of_the_iron_solari.png');
INSERT INTO items_item VALUES(47,'죽음의 검','8%의 추가 피해량','공격력 +55%',1,'BFSword','BFSword','normal','TFT_Item_Deathblade','LordsEdge','http://cdn.lolchess.gg/upload/images/items/LordsEdge_1710231464-death_blade.png');
INSERT INTO items_item VALUES(48,'대천사의 지팡이','전투 시작: 전투 중 5초마다 주문력 30 증가','마나 +15<br>주문력 +20',1,'NeedlesslyLargeRod','Tearofthegoddess','normal','TFT_Item_ArchangelsStaff','LudensEcho','http://cdn.lolchess.gg/upload/images/items/LudensEcho_1667202278-archangel_staff.png');
INSERT INTO items_item VALUES(49,'거물의 갑옷','[고유] 피해를 입으면 방어력 1, 마법 저항력 1, 체력 6 획득 (최대 40회 중첩)<br><br>최대 중첩 시 2골드를 획득','체력 +200',0,'','','artifact','TFT7_Item_ShimmerscaleMogulsMail','MogulsMail','http://cdn.lolchess.gg/upload/images/items/MogulsMail_1693364912-moguls_mail.png');
INSERT INTO items_item VALUES(50,'모렐로노미콘','[고유] 기본 공격과 스킬 피해를 입힐 경우 대상에게 10초 동안 1% 불태우기 및 33% 상처 적용<br><br>불태우기: 매초 대상 최대 체력의 일정 비율만큼 고정 피해<br>상처: 체력 회복량 감소','체력 +150<br>주문력 +25<br>공격속도 +15%',1,'NeedlesslyLargeRod','GiantsBelt','normal','TFT_Item_Morellonomicon','Morellonomicon','http://cdn.lolchess.gg/upload/images/items/Morellonomicon_1640058393.png');
INSERT INTO items_item VALUES(51,'내셔의 이빨','스킬 사용 후 5초 동안 공격 속도 40% 증가','체력 +150<br>주문력 +30<br>공격 속도 +10%',1,'RecurveBow','GiantsBelt','normal','TFT_Item_Leviathan','NashorsTooth','http://cdn.lolchess.gg/upload/images/items/NashorsTooth_1693041452-3115_mage_t3_nashorstooth.png');
INSERT INTO items_item VALUES(52,'남작의 선물','스킬 사용 후 8초 동안 공격 속도 80% 증가','체력 +200<br>주문력 +55<br>공격 속도 +20%',0,'','','radiant','TFT5_Item_LeviathanRadiant','NashorsToothRadiant','http://cdn.lolchess.gg/upload/images/items/NashorsToothRadiant_1693376535-nashors_tooth_radiant.png');
INSERT INTO items_item VALUES(53,'쓸데없이 큰 보석','전투 시작 후 장착 유닛이 15초 동안 생존하면 생존한 아군 2명당 1골드를 획득하고 생존한 아군이 30%의 추가 피해를 입힘<br><br>​​[지원 아이템]','체력 +250',0,'','','support','TFT7_Item_ShimmerscaleHeartOfGold','NeedlesslyBigGem','http://cdn.lolchess.gg/upload/images/items/NeedlesslyBigGem_1693365545-needlessy_large_gem.png');
INSERT INTO items_item VALUES(54,'쓸데없이 큰 지팡이','주문력 +10','',0,'','','basic','TFT_Item_NeedlesslyLargeRod','NeedlesslyLargeRod','http://cdn.lolchess.gg/upload/images/items/NeedlesslyLargeRod_1640059008.png');
INSERT INTO items_item VALUES(55,'음전자 망토','마법 저항력 +20','',0,'','','basic','TFT_Item_NegatronCloak','NegatronCloak','http://cdn.lolchess.gg/upload/images/items/NegatronCloak_1640059073.png');
INSERT INTO items_item VALUES(56,'흑요석 양날 도끼','[고유] 공격과 스킬이 5초 동안 30% 파쇄시키고 30% 파열시킵니다.<br><br>아군 유닛들의 공격력이 8%, 주문력이 8 증가합니다. <br><br>[지원 아이템]<br>파쇄: 마법 저항력 감소<br>파열: 방어력 감소','체력 +250',0,'','','support','TFT4_Item_OrnnObsidianCleaver','OrnnItemBlackCleaver','http://cdn.lolchess.gg/upload/images/items/OrnnItemBlackCleaver_1693365581-obsidian_cleaver.png');
INSERT INTO items_item VALUES(57,'죽음의 저항','[고유] 모든 피해 흡혈이 25% 증가합니다. 받는 피해량의 50%를 4초 동안 치명적이지 않은 피해로 받음','공격력 +10%, 방어력 +30, 공격 속도 +25%',0,'','','artifact','TFT4_Item_OrnnDeathsDefiance','OrnnItemDeathsDance','http://cdn.lolchess.gg/upload/images/items/OrnnItemDeathsDance_1644815852.png');
INSERT INTO items_item VALUES(58,'영원한 겨울','[고유] 장착한 유닛에게 피해를 입힌 적에게 1.5초 동안 20%의 동상을 부여합니다. 7번 동상을 입은 적은 다음번에 기절합니다. (재사용 대기시간: 15초)<br><br>동상: 공격 속도 감소<br>기절: 이동, 공격, 스킬 사용 불가','체력 +200, 방어력 +20',0,'','','artifact','TFT4_Item_OrnnEternalWinter','OrnnItemEverfrost','http://cdn.lolchess.gg/upload/images/items/OrnnItemEverfrost_1644815863.png');
INSERT INTO items_item VALUES(59,'마나자네','[고유] 전투 중 처음으로 스킬을 사용하면 5초 동안 마나 120 획득','마나 +15, 공격력 +15, 공격 속도 +15%, 주문력 +10',0,'','','artifact','TFT4_Item_OrnnMuramana','OrnnItemMuramana','http://cdn.lolchess.gg/upload/images/items/OrnnItemMuramana_1644815872.png');
INSERT INTO items_item VALUES(60,'란두인의 예언','전투 시작: 인접한 모든 아군과 장착 유닛에게 30의 방어력과 30의 마법 저항력 부여<br><br>[지원 아이템]','체력 +250',0,'','','support','TFT4_Item_OrnnRanduinsSanctum','OrnnItemRanduinsOmen','http://cdn.lolchess.gg/upload/images/items/OrnnItemRanduinsOmen_1693365512-randuins_sanctum_support.png');
INSERT INTO items_item VALUES(61,'영혼의 형상','매초 최대 체력의 2.5% 회복','체력 +450<br>마법 저항력 +25',1,'','','artifact','TFT4_Item_OrnnAnimaVisage','OrnnItemSpiritVisage','http://cdn.lolchess.gg/upload/images/items/OrnnItemSpiritVisage_1644815896.png');
INSERT INTO items_item VALUES(62,'황금 징수의 총','[고유] 기본 공격 및 스킬로 최대 체력의 12%보다 낮은 적을 처형합니다. 처형 시 45% 확률로 1골드가 떨어집니다.','공격력 +20%<br>치명타 확률 +30%',0,'','','artifact','TFT4_Item_OrnnTheCollector','OrnnItemTheCollector','http://cdn.lolchess.gg/upload/images/items/OrnnItemTheCollector_1644815905.png');
INSERT INTO items_item VALUES(63,'무한한 삼위일체','체력 +250, 마나 +25, 공격력 +25%, 주문력 +25, 방어력 +25, 마법 저항력 +25, 공격 속도 +25%','모든 능력치 +25',1,'','','artifact','TFT4_Item_OrnnInfinityForce','OrnnItemTrinityForce','http://cdn.lolchess.gg/upload/images/items/OrnnItemTrinityForce_1644815912.png');
INSERT INTO items_item VALUES(64,'존야의 역설','[고유] 전투당 한 번: 체력이 40%일 때 3초 동안 대상으로 지정할 수 없는 무적 상태가 됩니다.','주문력 +45<br>방어력 +30<br>마법 저항력 +30',0,'','','artifact','TFT4_Item_OrnnZhonyasParadox','OrnnItemZhonyasHourglass','http://cdn.lolchess.gg/upload/images/items/OrnnItemZhonyasHourglass_1644815918.png');
INSERT INTO items_item VALUES(65,'수은','[고유] 전투 시작: 14초 동안 군중 제어 효과에 면역. 지속시간 동안 2초마다 4%의 공격 속도 획득','마법 저항력 +20<br> 공격 속도 +30%<br>치명타율 +20%',1,'NegatronCloak','SparringGloves','normal','TFT_Item_Quicksilver','Quicksilver','http://cdn.lolchess.gg/upload/images/items/Quicksilver_1710231738-quicksilver.png');
INSERT INTO items_item VALUES(66,'라바돈의 죽음모자','20%의 추가 피해량','주문력 +50',1,'NeedlesslyLargeRod','NeedlesslyLargeRod','normal','TFT_Item_RabadonsDeathcap','RabadonsDeathcap','http://cdn.lolchess.gg/upload/images/items/RabadonsDeathcap_1658368695-3089.png');
INSERT INTO items_item VALUES(67,'우르프 천사의 지팡이','전투 시작: 전투 중 4초마다 주문력 40 획득','마나 +15<br>주문력 +50',0,'','','radiant','TFT5_Item_ArchangelsStaffRadiant','RadientArchangelsStaff','http://cdn.lolchess.gg/upload/images/items/RadientArchangelsStaff_1651209951.png');
INSERT INTO items_item VALUES(68,'축복받은 피바라기','모든 피해 흡혈 40% 증가<br><br>전투당 한 번: 체력이 40%일 때 최대 체력의 40%에 해당하는 보호막 획득 후 최대 5초까지 유지','공격력 +40%, 주문력 +30, 마법 저항력 +20',0,'','','radiant','TFT5_Item_BloodthirsterRadiant','RadientBloodthirster','http://cdn.lolchess.gg/upload/images/items/RadientBloodthirster_1651209965.png');
INSERT INTO items_item VALUES(69,'푸른 축복','[고유] 최대 마나 10 감소<br>장착한 유닛이 처치 관여 시 12초 동안 20%의 추가 피해','마나 +20<br>주문력 +60<br>공격력 +60',1,'','','radiant','TFT5_Item_BlueBuffRadiant','RadientBlueBuff','http://cdn.lolchess.gg/upload/images/items/RadientBlueBuff_1651209972.png');
INSERT INTO items_item VALUES(70,'장미가시 조끼','8%의 최대 체력 획득<br><br>기본 공격으로 받는 피해량 20% 감소. 기본 공격에 맞을 경우 인접한 모든 적에게 175의 마법 피해<br><br>재사용 대기시간: 2초','방어력 +120',0,'','','radiant','TFT5_Item_BrambleVestRadiant','RadientBrambleVest','http://cdn.lolchess.gg/upload/images/items/RadientBrambleVest_1651209978.png');
INSERT INTO items_item VALUES(71,'선의의 성배','전투 시작 시 장착 유닛과 1칸 내에 있는 같은 열의 아군이 전투가 끝날 때까지 주문력 45 및 모든 흡혈 10% 획득','마법 저항력 +45, 마나 +45',1,'','','radiant','TFT5_Item_ChaliceOfPowerRadiant','RadientChaliceofPower','http://cdn.lolchess.gg/upload/images/items/RadientChaliceofPower_1651209983.png');
INSERT INTO items_item VALUES(72,'빛나는 죽음의 검','12%의 추가 피해량','공격력 +105%',0,'','','radiant','TFT5_Item_DeathbladeRadiant','RadientDeathblade','http://cdn.lolchess.gg/upload/images/items/RadientDeathblade_1651209988.png');
INSERT INTO items_item VALUES(73,'용의 의지','18%의 추가 체력 획득<br><br>2초마다 최대 체력의 10% 회복','마법 저항력 +115',0,'','','radiant','TFT5_Item_DragonsClawRadiant','RadientDragonsClaw','http://cdn.lolchess.gg/upload/images/items/RadientDragonsClaw_1651209994.png');
INSERT INTO items_item VALUES(74,'새벽의 서광','[고유] 전투당 1회: 체력이 60%일 때 잠시 대상으로 지정할 수 없게 되며 해로운 효과 제거. 이후 잃은 체력의 100% 회복 및 추가 공격 속도 85% 획득','공격력 +30%, 방어력 +30',1,'','','radiant','TFT5_Item_GuardianAngelRadiant','RadientEdgeofNight','http://cdn.lolchess.gg/upload/images/items/RadientEdgeofNight_1651209999.png');
INSERT INTO items_item VALUES(75,'수호상 돌갑옷','적의 공격 대상이 되면 방어력이 20, 마법 저항력이 20 증가. 공격하는 적이 늘어나면 중첩되어 적용.<br><br>매초 최대 체력의 2%만큼 체력 회복','체력 +250, 방어력 +50, 마법 저항력 +50',0,'','','radiant','TFT5_Item_GargoyleStoneplateRadiant','RadientGargoyleStoneplate','http://cdn.lolchess.gg/upload/images/items/RadientGargoyleStoneplate_1651210010.png');
INSERT INTO items_item VALUES(76,'악마 학살자','최대 체력이 1600 이상인 적에게 스킬과 기본 공격 피해량 60% 증가','공격력 +50%, 주문력 +40, 공격 속도 +10%',0,'','','radiant','TFT5_Item_GiantSlayerRadiant','RadientGiantSlayer','http://cdn.lolchess.gg/upload/images/items/RadientGiantSlayer_1651210017.png');
INSERT INTO items_item VALUES(77,'구인수의 심판','공격 시 공격 속도가 10% 증가 (중첩 가능)','주문력 +10, 공격 속도 +20%',0,'','','radiant','TFT5_Item_GuinsoosRagebladeRadiant','RadientGuinsoosRageblade','http://cdn.lolchess.gg/upload/images/items/RadientGuinsoosRageblade_1651210023.png');
INSERT INTO items_item VALUES(78,'공정의 주먹','2가지 효과 부여:<br>- 공격력 +50% 및 주문력 +50<br>- 모든 피해 흡혈 30%','치명타 확률 +20%, 마나 +15',0,'','','radiant','TFT5_Item_HandOfJusticeRadiant','RadientHandofJustice','http://cdn.lolchess.gg/upload/images/items/RadientHandofJustice_1651210027.png');
INSERT INTO items_item VALUES(79,'마법공학 생명검','모든 피해 흡혈 35% 획득. 피해를 입힌 만큼 체력 비율이 가장 낮은 아군의 체력 회복','공격력 +30%, 주문력 +50',0,'','','radiant','TFT5_Item_HextechGunbladeRadiant','RadientHextechGunblade','http://cdn.lolchess.gg/upload/images/items/RadientHextechGunblade_1651210032.png');
INSERT INTO items_item VALUES(80,'천공의 대검','스킬에 치명타 적용 가능<br><br>이미 스킬에 치명타 적용이 가능한 상태라면 10%의 추가 피해량을 얻습니다.','공격력 +65%, 치명타 확률 +75%',0,'','','radiant','TFT5_Item_InfinityEdgeRadiant','RadientInfinityEdge','http://cdn.lolchess.gg/upload/images/items/RadientInfinityEdge_1651210037.png');
INSERT INTO items_item VALUES(81,'집단 충격기','3칸 내에 있는 모든 적 파쇄 30%. 해당 적이 스킬 사용 시 최대 마나의 250%에 해당하는 마법 피해를 입음<br><br>초당 최대 체력의 1.5%만큼 체력 회복<br><br>파쇄: 마법 저항력 감소','체력 +400, 주문력 +15, 마법 저항력 +50',0,'','','radiant','TFT5_Item_IonicSparkRadiant','RadientIonicSpark','http://cdn.lolchess.gg/upload/images/items/RadientIonicSpark_1651210041.png');
INSERT INTO items_item VALUES(82,'눈부신 건틀릿','스킬에 치명타 적용 가능<br><br>기본 스킬에 치명타 적용이 가능한 경우 치명타 피해량이 10% 증가','주문력 +65, 치명타 확률 +75%',0,'','','radiant','TFT5_Item_JeweledGauntletRadiant','RadientJeweledGauntlet','http://cdn.lolchess.gg/upload/images/items/RadientJeweledGauntlet_1651210047.png');
INSERT INTO items_item VALUES(83,'영겁의 속삭임','[고유] 물리 피해를 입힐 경우 전투가 끝날 때까지 대상 30% 파열 (중첩 불가)<br><br>파열: 방어력 감소','공격력 +45%, 공격 속도 +25%, 치명타 확률 +55%',1,'','','radiant','TFT5_Item_LastWhisperRadiant','RadientLastWhisper','http://cdn.lolchess.gg/upload/images/items/RadientLastWhisper_1651210053.png');
INSERT INTO items_item VALUES(84,'타곤 정상의 펜던트','전투 시작 시 장착한 유닛과 가로로 3칸 내에 있는 모든 아군이 25초 동안 275/325/375 ★의 피해를 흡수하는 보호막 획득<br><br>찬란한 추가 효과: 모든 아군에게 추가 체력 +200','주문력 +10, 방어력 +20',1,'','','radiant','TFT5_Item_LocketOfTheIronSolariRadiant','RadientLocketoftheIronSolari','http://cdn.lolchess.gg/upload/images/items/RadientLocketoftheIronSolari_1651210058.png');
INSERT INTO items_item VALUES(85,'엔젤로노미콘','[고유] 기본 공격과 스킬 피해를 입힐 경우 대상에게 30초 동안 3% 불태우기 및 33% 상처 적용<br><br>불태우기: 매초 대상 최대 체력의 일정 비율만큼 고정 피해<br>상처: 체력 회복량 감소','체력 +150, 주문력 +50, 공격속도 +25%',1,'','','radiant','TFT5_Item_MorellonomiconRadiant','RadientMorellonomicon','http://cdn.lolchess.gg/upload/images/items/RadientMorellonomicon_1651210062.png');
INSERT INTO items_item VALUES(86,'반짝이는 수은','[고유] 전투 시작: 30초 동안 군중 제어 효과에 면역. 14초 동안 2초마다 7%의 공격 속도 획득','마법 저항력 +30<br>공격 속도 +50%<br>치명타 확률 +40%',1,'','','radiant','TFT5_Item_QuicksilverRadiant','RadientQuicksilver','http://cdn.lolchess.gg/upload/images/items/RadientQuicksilver_1651210070.png');
INSERT INTO items_item VALUES(87,'라바돈의 초월한 죽음모자','50%의 추가 피해량','주문력 +70',0,'','','radiant','TFT5_Item_RabadonsDeathcapRadiant','RadientRabadonsDeathcap','http://cdn.lolchess.gg/upload/images/items/RadientRabadonsDeathcap_1651210075.png');
INSERT INTO items_item VALUES(88,'고속 광자포','추가 피해량 15% 증가<br><br>공격 사거리 2칸 증가','공격 속도 +70%<br> 공격 사거리 +2',1,'','','radiant','RadientRapidFirecannon','RadientRapidFirecannon','http://cdn.lolchess.gg/upload/images/items/RadientRapidFirecannon_1651210085.png');
INSERT INTO items_item VALUES(89,'면죄','5초마다 2칸 내 아군의 체력을 대상이 잃은 체력의 25%만큼 회복. 또한 효과를 받은 아군은 5초 동안 공격으로 입는 피해량이 10% 감소 (피해량 감소는 중첩되지 않음).','체력 +200, 마나 +15',0,'','','radiant','TFT5_Item_RedemptionRadiant','RadientRedemption','http://cdn.lolchess.gg/upload/images/items/RadientRedemption_1651210090.png');
INSERT INTO items_item VALUES(90,'루난의 폭풍','기본 공격 시 주변 적 하나에게 탄환을 발사하여 공격력의 110%만큼 물리 피해','공격력 +35%, 공격 속도 +20%, 마법 저항력 +20',0,'','','radiant','TFT5_Item_RunaansHurricaneRadiant','RadientRunaansHurricane','http://cdn.lolchess.gg/upload/images/items/RadientRunaansHurricane_1651210096.png');
INSERT INTO items_item VALUES(91,'경외의 장막','[고유] 전투 시작 시 굵은 광선을 발사해 적중 당한 적들의 최대 마나를 50% 증가시키고, 모든 아군의 시작 마나를 +25 부여합니다.','체력 +400, 치명타 확률 +20%, 방어력 +20',1,'','','radiant','TFT5_Item_ShroudOfStillnessRadiant','RadientShroudofStillness','http://cdn.lolchess.gg/upload/images/items/RadientShroudofStillness_1651210100.png');
INSERT INTO items_item VALUES(92,'히라나의 창','기본 공격 시 추가로 10의 마나 획득','공격력 +45%, 마나 +15, 주문력 +45',0,'','','radiant','TFT5_Item_SpearOfShojinRadiant','RadientSpearofShojin','http://cdn.lolchess.gg/upload/images/items/RadientSpearofShojin_1670373892-spear_of_shojin_radiant.png');
INSERT INTO items_item VALUES(93,'스태틱의 호의','3번째 기본 공격마다 적 8명에게 80의 마법 피해를 입히고 5초 동안 30% 파쇄<br><br>파쇄: 마법 저항력 감소','마나 +15, 주문력 +50, 공격 속도 +20%',0,'','','radiant','TFT5_Item_StatikkShivRadiant','RadientStatikkShiv','http://cdn.lolchess.gg/upload/images/items/RadientStatikkShiv_1651210110.png');
INSERT INTO items_item VALUES(94,'의지파괴자','보호막이 있는 적을 공격하면 3초 동안 스킬 및 기본 공격 피해량 50% 증가','체력 +150, 공격 속도 +40%, 주문력 +30, 치명타 확률 +20%',0,'','','radiant','TFT5_Item_TrapClawRadiant','RadientStridebreaker','http://cdn.lolchess.gg/upload/images/items/Stridebreaker_1670373984-stridebreaker-radiant.png');
INSERT INTO items_item VALUES(95,'태양빛 망토','[고유] 1.5초마다 3칸 내에 있는 적 하나에게 30초 동안 2% 불태우기 및 33% 상처 적용<br><br>불태우기: 매초 대상 최대 체력의 일정 비율만큼 고정 피해<br>상처: 체력 회복량 감소','체력 +300, 방어력 +20',1,'','','radiant','TFT5_Item_SunfireCapeRadiant','RadientSunfireCape','http://cdn.lolchess.gg/upload/images/items/RadientSunfireCape_1651210116.png');
INSERT INTO items_item VALUES(96,'장난꾸러기의 장갑','매 라운드: 무작위 찬란한 아이템 2개 장착<br><br>[아이템 슬롯 3개 차지]','치명타 확률 +20%<br>체력 +150',1,'','','radiant','TFT5_Item_ThiefsGlovesRadiant','RadientThiefsGloves','http://cdn.lolchess.gg/upload/images/items/RadientThiefsGloves_1651210121.png');
INSERT INTO items_item VALUES(97,'거인의 맹세','공격하거나 피해를 받으면 공격력 3% 및 주문력 3 획득 (최대 25회 중첩)<br><br>최대 중첩 시 방어력 및 마법 저항력 50 획득','방어력 +35, 공격 속도 +30%',0,'','','radiant','TFT5_Item_TitansResolveRadiant','RadientTitansResolve','http://cdn.lolchess.gg/upload/images/items/RadientTitansResolve_1651210127.png');
INSERT INTO items_item VALUES(98,'워모그의 자부심','12%의 최대 체력 획득<br><br>초당 최대 체력의 1%만큼 체력 회복','체력 +1000',0,'','','radiant','TFT5_Item_WarmogsArmorRadiant','RadientWarmogsArmor','http://cdn.lolchess.gg/upload/images/items/RadientWarmogsArmor_1651210131.png');
INSERT INTO items_item VALUES(99,'지크의 조화','전투 시작: 장착 유닛과 1칸 내에 있는 같은 열의 아군이 35%의 공격 속도와 생명력 흡수 10% 증가<br><br>[오오라 아이템]','공격력 +35, 체력 +350',1,'','','radiant','TFT5_Item_ZekesHeraldRadiant','RadientZekesHerald','http://cdn.lolchess.gg/upload/images/items/RadientZekesHerald_1651210136.png');
INSERT INTO items_item VALUES(100,'겨울바람','[고유] 전투 시작 시 결투장 반대편에 회오리바람을 소환해 회오리바람과 가장 가까운 적을 8초 동안 전투에서 제외. 군중 제어 효과 면역 무시<br><br>찬란한 추가 효과: 전투 시작 시 모든 아군의 공격 속도 +15%','체력 +300, 마법 저항력 +20, 공격 속도 +20%',1,'','','radiant','TFT5_Item_ZephyrRadiant','RadientZephyr','http://cdn.lolchess.gg/upload/images/items/RadientZephyr_1651210141.png');
INSERT INTO items_item VALUES(101,'즈롯 소환문','전투 시작 시 체력과 공격력이 증가한 찬란한 공허 어미가 깨어나 4칸 내에 있는 적을 도발. 소환된 유닛에서 일어난 찬란한 공허 어미 효과가 25%로 적용','공격 속도 +10%, 체력 +150',1,'','','radiant','TFT5_Item_ZzRotPortalRadiant','RadientZzRotPortal','http://cdn.lolchess.gg/upload/images/items/RadientZzRotPortal_1651209943.png');
INSERT INTO items_item VALUES(102,'곡궁','공격 속도 +10%','',0,'','','basic','TFT_Item_RecurveBow','RecurveBow','http://cdn.lolchess.gg/upload/images/items/RecurveBow_1640058784.png');
INSERT INTO items_item VALUES(103,'구원','5초마다 1칸 내에 있는 아군의 체력을 대상이 잃은 체력의 15%만큼 회복. 또한 효과를 받은 아군은 5초 동안 공격으로 입는 피해량이 10% 감소 (피해량 감소는 중첩되지 않음)','체력 +150<br>마나 +15',1,'Tearofthegoddess','GiantsBelt','normal','TFT_Item_Redemption','Redemption','http://cdn.lolchess.gg/upload/images/items/Redemption_1710231543-redemption.png');
INSERT INTO items_item VALUES(104,'루난의 허리케인','기본 공격 시 주변 적 하나에게 탄환을 발사하여 공격력의 55%만큼 물리 피해','공격력 +25%<br>마법 저항력 +20<br>공격 속도 +10%',1,'RecurveBow','NegatronCloak','normal','TFT_Item_RunaansHurricane','RunaansHurricane','http://cdn.lolchess.gg/upload/images/items/RunaansHurricane_1640058427.png');
INSERT INTO items_item VALUES(105,'침묵의 장막','[고유] 전투 시작: 적에게 30%의 마나를 강탈하는 광선 발사<br>아군의 체력 60 증가<br><br>[지원 아이템]<br>마나 강탈: 스킬을 사용하기 전까지 최대 마나 증가','체력 +250',0,'','','support','TFT_Item_Shroud','Shroud','http://cdn.lolchess.gg/upload/images/items/Shroud_1693365565-shroud_of_stillness.png');
INSERT INTO items_item VALUES(106,'저격수의 집중','장착한 유닛의 공격력과 스킬 피해량이 대상과 유닛 사이의 거리 1칸 당 9%씩 증가하고 공격 사거리가 1칸 늘어납니다.','공격력 +15%, 주문력 +15, 공격 속도 +15%, 공격 사거리 +1',0,'','','artifact','TFT9_Item_OrnnHorizonFocus','SnipersFocus','http://cdn.lolchess.gg/upload/images/items/SnipersFocus_1686308390-tft9_ornnitem_snipersfocus.tft_set9.png');
INSERT INTO items_item VALUES(107,'연습용 장갑','치명타 확률 +20%','',0,'','','basic','TFT_Item_SparringGloves','SparringGloves','http://cdn.lolchess.gg/upload/images/items/SparringGloves_1640059055.png');
INSERT INTO items_item VALUES(108,'뒤집개','특별한 능력을 얻음','',0,'','','basic','TFT_Item_Spatula','Spatula','http://cdn.lolchess.gg/upload/images/items/Spatula_1658364227-4403.png');
INSERT INTO items_item VALUES(109,'쇼진의 창','기본 공격 시 추가 마나 5 획득','마나 +15<br>공격력 +20%<br>주문력 +20',1,'BFSword','Tearofthegoddess','normal','TFT_Item_SpearOfShojin','SpearofShojin','http://cdn.lolchess.gg/upload/images/items/SpearofShojin_1669258937-spear_of_shojin.png');
INSERT INTO items_item VALUES(110,'스태틱의 단검','3번째 기본 공격마다 적 4명에게 35의 마법 피해를 입히고 5초 30% 파쇄<br><br>파쇄: 마법 저항력 감소','마나 +15<br>주문력 +15<br>공격 속도 +20%',1,'RecurveBow','Tearofthegoddess','normal','TFT_Item_StatikkShiv','StatikkShiv','http://cdn.lolchess.gg/upload/images/items/StatikkShiv_1640058978.png');
INSERT INTO items_item VALUES(111,'스테락의 도전','전투당 한 번, 체력이 60%일 때 최대 체력 20% 및 공격력 35% 증가','체력 +200<br>공격력 +15%',1,'BFSword','GiantsBelt','normal','TFT_Item_SteraksGage','SteraksGage','http://cdn.lolchess.gg/upload/images/items/SteraksGage_1693041113-3053_steraks_gage.png');
INSERT INTO items_item VALUES(112,'스테락의 초강력 보호막','전투당 한 번, 체력이 60%일 때 최대 체력 30% 및 공격력 55% 증가','체력 +400, 공격 속도 +30%',0,'','','radiant','TFT5_Item_SteraksGageRadiant','SteraksMegashield','http://cdn.lolchess.gg/upload/images/items/SteraksMegashield_1693365188-steraks_gage_radiant.png');
INSERT INTO items_item VALUES(113,'태양불꽃 망토','[고유] 2초마다 2칸 내에 있는 적 하나에게 10초 동안 1% 불태우기 및 33% 상처 적용<br><br>불태우기: 매초 대상 최대 체력의 일정 비율만큼 고정 피해<br>상처: 체력 회복량 감소','체력 +250<br>방어력 +20',1,'ChainVest','GiantsBelt','normal','TFT_Item_RedBuff','SunfireCape','http://cdn.lolchess.gg/upload/images/items/SunfireCape_1640059158.png');
INSERT INTO items_item VALUES(114,'여신의 눈물','마나 +15','',0,'','','basic','TFT_Item_TearOfTheGoddess','Tearofthegoddess','http://cdn.lolchess.gg/upload/images/items/Tearofthegoddess_1640059037.png');
INSERT INTO items_item VALUES(115,'도적의 장갑','매 라운드: 무작위 아이템 2개 장착<br><br>[아이템 슬롯 3개 소모]','치명타 확률 +20%<br>+150 체력',1,'SparringGloves','SparringGloves','normal','TFT_Item_ThiefsGloves','ThiefsGloves','http://cdn.lolchess.gg/upload/images/items/ThiefsGloves_9PTkdu1Iyw6L1voQbNlsP5U74TzF7suIeq5RQjbh.png');
INSERT INTO items_item VALUES(116,'거인의 결의','공격하거나 피해를 받으면 공격력 2%, 주문력 2 증가 (최대 25회 중첩)<br><br>최대 중첩 시 방어력 20 및 마법 저항력 20 획득','방어력 +20<br>공격 속도 +10%',1,'RecurveBow','ChainVest','normal','TFT_Item_TitansResolve','TitansResolve','http://cdn.lolchess.gg/upload/images/items/TitansResolve_1640058512.png');
INSERT INTO items_item VALUES(117,'속임수 거울','[고유] 장착한 유닛의 분신을 소환. 분신은 70%의 최대 체력. 30%의 최대 마나를 가지며 아이템 장착 불가<br><br>분신에게도 특성 효과 적용','방어력 +10, 마법 저항력 +10, 공격 속도 +10%, 치명타 확률 +15%',0,'','','artifact','TFT9_Item_OrnnTrickstersGlass','TrickstersGlass','http://cdn.lolchess.gg/upload/images/items/TrickstersGlass_1710231500-tft9_ornnitem_trickstersglass.png');
INSERT INTO items_item VALUES(118,'순교자의 미덕','5초마다 아군 모두가 최대 체력의 6.5%만큼 회복. 장착 유닛이 죽으면 회복량이 최대 체력의 13%로 증가하고 10초 동안 효과 지속<br><br>​​[지원 아이템]','체력 +250',0,'','','support','TFT_Item_RadiantVirtue','VirtueoftheMartyr','http://cdn.lolchess.gg/upload/images/items/VirtueoftheMartyr_1693365499-radiant_virtue.png');
INSERT INTO items_item VALUES(119,'워모그의 갑옷','8%의 최대 체력 획득','체력 +600',1,'GiantsBelt','GiantsBelt','normal','TFT_Item_WarmogsArmor','WarmogsArmor','http://cdn.lolchess.gg/upload/images/items/WarmogsArmor_1710231535-warmogs_armor.png');
INSERT INTO items_item VALUES(120,'지크의 전령','전투 시작: 장착 유닛과 2칸 내에 있는 같은 열의 아군이 30%의 공격 속도 획득<br><br>[지원 아이템]','체력 +250',0,'','','support','TFT_Item_ZekesHerald','ZekesHerald','http://cdn.lolchess.gg/upload/images/items/ZekesHerald_1693365559-zekes_herald.png');
INSERT INTO items_item VALUES(121,'서풍','[고유] 전투 시작: 결투장 반대편에 회오리바람을 소환해 회오리바람과 가장 가까운 적을 5초 동안 전투에서 제외<br><br>아군의 공격 속도 8% 증가<br><br>​​[지원 아이템]<br>[군중 제어 면역을 무시합니다.]','체력 +250',0,'','','support','TFT_Item_Zephyr','Zephyr','http://cdn.lolchess.gg/upload/images/items/Zephyr_1693365537-zephyr.png');
INSERT INTO items_item VALUES(122,'즈롯 차원문','전투 시작: 근처 적의 공격을 유도하는 대형 공허 생물 소환<br><br>[지원 아이템]','체력 +250',0,'','','support','TFT_Item_TitanicHydra','ZzRotPortal','http://cdn.lolchess.gg/upload/images/items/ZzRotPortal_1693365550-zzrot_portal.png');
INSERT INTO items_item VALUES(123,'붉은 덩굴정령','6%의 추가 피해량<br><br>기본 공격과 스킬 사용 시 적에게 5초 동안 1%의 불태우기와 33% 상처 적용.<br><br>불태우기: 매초 대상 최대 체력의 일정 비율만큼 고정 피해<br>상처: 체력 회복량 감소','공격 속도 +40%',1,'RecurveBow','RecurveBow','normal','TFT_Item_RapidFireCannon','RedBuffItem','http://cdn.lolchess.gg/upload/images/items/RedBuffItem_1700526699-redbuff.png');
INSERT INTO items_item VALUES(124,'8비트 상징','[고유] 장착 시 8비트 특성 획득','공격 속도 +10%',1,'RecurveBow','Spatula','emblem','TFT10_Item_8bitEmblem','8BitEmblem','http://cdn.lolchess.gg/upload/images/items/8BitEmblem_1699507327-tft_set10_emblem_8-bit.png');
INSERT INTO items_item VALUES(125,'컨트리 상징','[고유] 장착 시 컨트리 특성 획득','마법 저항력 +20',1,'NegatronCloak','Spatula','emblem','TFT10_Item_CountryEmblem','CountryEmblem','http://cdn.lolchess.gg/upload/images/items/CountryEmblem_1704837412-tft_set10_emblem_craftable_desperado.png');
INSERT INTO items_item VALUES(126,'디스코 상징','[고유] 장착 시 디스코 특성 획득','체력 +150',1,'','','emblem','TFT10_Item_DiscoEmblem','DiscoEmblem','http://cdn.lolchess.gg/upload/images/items/DiscoEmblem_1699507358-tft_set10_emblem_disconaut.png');
INSERT INTO items_item VALUES(128,'이모코어 상징','[고유] 장착 시 이모코어 특성 획득','마나 +15',1,'Tearofthegoddess','Spatula','emblem','TFT10_Item_EmoEmblem','EmoEmblem','http://cdn.lolchess.gg/upload/images/items/EmoEmblem_1699507395-tft_set10_emblem_bigsad.png');
INSERT INTO items_item VALUES(129,'Heartsteel 상징','[고유] 장착 시 Heartsteel 특성 획득','체력 +150',1,'GiantsBelt','Spatula','emblem','TFT10_Item_PBJEmblem','HeartsteelEmblem','http://cdn.lolchess.gg/upload/images/items/HeartsteelEmblem_1699507532-tft_set10_emblem_pbj.png');
INSERT INTO items_item VALUES(130,'하이퍼팝 상징','[고유] 장착 시 하이퍼팝 특성 획득','체력 +150',1,'','','emblem','TFT10_Item_HyperPopEmblem','HyperpopEmblem','http://cdn.lolchess.gg/upload/images/items/HyperpopEmblem_1699507489-tft_set10_emblem_glitt3rglitch.png');
INSERT INTO items_item VALUES(131,'K/DA 상징','[고유] 장착 시 K/DA 특성 획득','주문력 +10',1,'NeedlesslyLargeRod','Spatula','emblem','TFT10_Item_KDAEmblem','KDAEmblem','http://cdn.lolchess.gg/upload/images/items/KDAEmblem_1699507514-tft_set10_emblem_kda.png');
INSERT INTO items_item VALUES(132,'펜타킬 상징','[고유] 장착 시 펜타킬 특성 획득','방어력 +20',1,'ChainVest','Spatula','emblem','TFT10_Item_PentakillEmblem','PentakillEmblem','http://cdn.lolchess.gg/upload/images/items/PentakillEmblem_1699507541-tft_set10_emblem_pentakill.png');
INSERT INTO items_item VALUES(133,'펑크 상징','[고유] 장착 시 펑크 특성 획득','치명타 확률 +20%',1,'Spatula','SparringGloves','emblem','TFT10_Item_PunkEmblem','PunkEmblem','http://cdn.lolchess.gg/upload/images/items/PunkEmblem_1699507549-tft_set10_emblem_punk.png');
INSERT INTO items_item VALUES(134,'True Damage 상징','[고유] 장착 시 True Damage 특성 획득','공격력 +10%',1,'BFSword','Spatula','emblem','TFT10_Item_TrueDamageEmblem','TrueDamageEmblem','http://cdn.lolchess.gg/upload/images/items/TrueDamageEmblem_1699507433-tft_set10_emblem_truedamage.png');
INSERT INTO items_item VALUES(135,'거물 상징','[고유] 장착 시 거물 특성 획득','체력 +150',1,'','','emblem','TFT10_Item_BigShotEmblem','BigShotEmblem','http://cdn.lolchess.gg/upload/images/items/BigShotEmblem_1699507382-tft_set10_emblem_bigshot.png');
INSERT INTO items_item VALUES(136,'스테이지 다이버 상징','[고유] 장착 시 스테이지 다이버 특성 획득','체력 +150',1,'','','emblem','TFT10_Item_CrowdDiverEmblem','CrowdDiverEmblem','http://cdn.lolchess.gg/upload/images/items/CrowdDiverEmblem_1699507410-tft_set10_emblem_crowddiver.png');
INSERT INTO items_item VALUES(137,'현혹술사 상징','[고유] 장착 시 현혹술사 특성 획득','체력 +150',1,'','','emblem','TFT10_Item_DazzlerEmblem','DazzlerEmblem','http://cdn.lolchess.gg/upload/images/items/DazzlerEmblem_1699507422-tft_set10_emblem_dazzler.png');
INSERT INTO items_item VALUES(138,'이단아 상징','[고유] 장착 시 이단아 특성 획득','체력 +150',1,'','','emblem','TFT10_Item_EdgelordEmblem','EdgelordEmblem','http://cdn.lolchess.gg/upload/images/items/EdgelordEmblem_1699507467-tft_set10_emblem_edgelord.png');
INSERT INTO items_item VALUES(139,'처형자 상징','[고유] 장착 시 처형자 특성 획득','체력 +150',1,'','','emblem','TFT10_Item_ExecutionerEmblem','ExecutionerEmblem','http://cdn.lolchess.gg/upload/images/items/ExecutionerEmblem_1699507478-tft_set10_emblem_executioner.png');
INSERT INTO items_item VALUES(140,'수호자 상징','[고유] 장착 시 수호자 특성 획득','체력 +150',1,'','','emblem','TFT10_Item_GuardianEmblem','GuardianEmblem','http://cdn.lolchess.gg/upload/images/items/GuardianEmblem_1699507497-tft_set10_emblem_guardian.png');
INSERT INTO items_item VALUES(141,'춤꾼 상징','[고유] 장착 시 춤꾼 특성 획득','체력 +150',1,'','','emblem','TFT10_Item_FighterEmblem','MosherEmblem','http://cdn.lolchess.gg/upload/images/items/MosherEmblem_1699507522-tft_set10_emblem_mosher.png');
INSERT INTO items_item VALUES(142,'속사포 상징','[고유] 장착 시 속사포 특성 획득','체력 +150',1,'','','emblem','TFT10_Item_RapidfireEmblem','RapidfireEmblem','http://cdn.lolchess.gg/upload/images/items/RapidfireEmblem_1699507558-tft_set10_emblem_rapidfire.png');
INSERT INTO items_item VALUES(143,'감시자 상징','[고유] 장착 시 감시자 특성 획득','체력 +150',1,'','','emblem','TFT10_Item_WardenEmblem','SentinelEmblem','http://cdn.lolchess.gg/upload/images/items/SentinelEmblem_1699507447-tft_set10_emblem_warden.png');
INSERT INTO items_item VALUES(144,'주문술사 상징','[고유] 장착 시 주문술사 특성 획득','체력 +150',1,'','','emblem','TFT10_Item_SpellweaverEmblem','SpellweaverEmblem','http://cdn.lolchess.gg/upload/images/items/SpellweaverEmblem_1699507567-tft_set10_emblem_spellweaver.png');
INSERT INTO items_item VALUES(145,'열혈 팬 상징','[고유] 장착 시 열혈 팬 특성 획득','체력 +150',1,'','','emblem','TFT10_Item_SuperfanEmblem','SuperfanEmblem','http://cdn.lolchess.gg/upload/images/items/SuperfanEmblem_1699507575-tft_set10_emblem_superfan.png');
INSERT INTO items_item VALUES(146,'잉걸불 문장','8%의 추가 피해량<br><br>기본 공격과 스킬이 5초 동안 3% 불태우기 및 50% 상처 적용<br><br>불태우기: 매초 대상 최대 체력의 일정 비율만큼 고정 피해<br>상처: 체력 회복량 감소','공격 속도 +60%',0,'','','radiant','TFT5_Item_RapidFirecannonRadiant','RadientRedBuff','http://cdn.lolchess.gg/upload/images/items/RadientRedBuff_1699258675-RadiantCrestofCinders.png');
INSERT INTO items_item VALUES(147,'굳건한 심장','받는 피해 8% 감소. 체력이 50%보다 많을 때 받는 피해 15% 감소.','체력 +250<br>방어력 +20<br>치명타 확률 +20%',1,'ChainVest','SparringGloves','normal','TFT_Item_NightHarvester','SteadfastHeart','http://cdn.lolchess.gg/upload/images/items/SteadfastHeart_1699383455-3084_tank_t4_heartsteel.png');
INSERT INTO items_item VALUES(148,'거석상의 유산','받는 피해 12% 감소. 체력이 40%보다 많을 때는 받는 피해 18% 감소','체력 +500, 방어력 +40, 치명타 확률 +20%',0,'','','radiant','TFT5_Item_NightHarvesterRadiant','RadientSteadfastHeart','http://cdn.lolchess.gg/upload/images/items/RadientSteadfastHeart_1699383911-legacy-of-the-colossus.png');
DELETE FROM sqlite_sequence;
INSERT INTO sqlite_sequence VALUES('django_migrations',81);
INSERT INTO sqlite_sequence VALUES('django_admin_log',277);
INSERT INTO sqlite_sequence VALUES('django_content_type',20);
INSERT INTO sqlite_sequence VALUES('auth_permission',84);
INSERT INTO sqlite_sequence VALUES('auth_group',0);
INSERT INTO sqlite_sequence VALUES('auth_user',1);
INSERT INTO sqlite_sequence VALUES('champions_champion',13);
INSERT INTO sqlite_sequence VALUES('champions_champion_origin',15);
INSERT INTO sqlite_sequence VALUES('champions_champion_job',15);
INSERT INTO sqlite_sequence VALUES('augments_augment',3);
INSERT INTO sqlite_sequence VALUES('comps_comp',6);
INSERT INTO sqlite_sequence VALUES('comps_comp_champions',37);
INSERT INTO sqlite_sequence VALUES('champions_skill',13);
INSERT INTO sqlite_sequence VALUES('synergies_job',10);
INSERT INTO sqlite_sequence VALUES('synergies_origin',6);
INSERT INTO sqlite_sequence VALUES('encounters_encounter',2);
INSERT INTO sqlite_sequence VALUES('portals_portal',7);
INSERT INTO sqlite_sequence VALUES('portals_portaltype',7);
INSERT INTO sqlite_sequence VALUES('medias_photo',74);
INSERT INTO sqlite_sequence VALUES('items_item',149);
CREATE UNIQUE INDEX "auth_group_permissions_group_id_permission_id_0cd325b0_uniq" ON "auth_group_permissions" ("group_id", "permission_id");
CREATE INDEX "auth_group_permissions_group_id_b120cbf9" ON "auth_group_permissions" ("group_id");
CREATE INDEX "auth_group_permissions_permission_id_84c5c92e" ON "auth_group_permissions" ("permission_id");
CREATE UNIQUE INDEX "auth_user_groups_user_id_group_id_94350c0c_uniq" ON "auth_user_groups" ("user_id", "group_id");
CREATE INDEX "auth_user_groups_user_id_6a12ed8b" ON "auth_user_groups" ("user_id");
CREATE INDEX "auth_user_groups_group_id_97559544" ON "auth_user_groups" ("group_id");
CREATE UNIQUE INDEX "auth_user_user_permissions_user_id_permission_id_14a6b632_uniq" ON "auth_user_user_permissions" ("user_id", "permission_id");
CREATE INDEX "auth_user_user_permissions_user_id_a95ead1b" ON "auth_user_user_permissions" ("user_id");
CREATE INDEX "auth_user_user_permissions_permission_id_1fbb5f2c" ON "auth_user_user_permissions" ("permission_id");
CREATE INDEX "django_admin_log_content_type_id_c4bce8eb" ON "django_admin_log" ("content_type_id");
CREATE INDEX "django_admin_log_user_id_c564eba6" ON "django_admin_log" ("user_id");
CREATE UNIQUE INDEX "django_content_type_app_label_model_76bd3d3b_uniq" ON "django_content_type" ("app_label", "model");
CREATE UNIQUE INDEX "auth_permission_content_type_id_codename_01ab375a_uniq" ON "auth_permission" ("content_type_id", "codename");
CREATE INDEX "auth_permission_content_type_id_2f476e4b" ON "auth_permission" ("content_type_id");
CREATE UNIQUE INDEX "champions_champion_job_champion_id_job_id_caec3ddd_uniq" ON "champions_champion_job" ("champion_id", "job_id");
CREATE INDEX "champions_champion_job_champion_id_fe52d6ba" ON "champions_champion_job" ("champion_id");
CREATE INDEX "champions_champion_job_job_id_aa70e757" ON "champions_champion_job" ("job_id");
CREATE UNIQUE INDEX "champions_champion_origin_champion_id_origin_id_3433e5bd_uniq" ON "champions_champion_origin" ("champion_id", "origin_id");
CREATE INDEX "champions_champion_origin_champion_id_1bf96e51" ON "champions_champion_origin" ("champion_id");
CREATE INDEX "champions_champion_origin_origin_id_846240b0" ON "champions_champion_origin" ("origin_id");
CREATE INDEX "django_session_expire_date_a5c62663" ON "django_session" ("expire_date");
CREATE INDEX "champions_champion_skill_id_47da98b2" ON "champions_champion" ("skill_id");
CREATE UNIQUE INDEX "comps_comp_champions_comp_id_champion_id_3f2acbbc_uniq" ON "comps_comp_champions" ("comp_id", "champion_id");
CREATE INDEX "comps_comp_champions_comp_id_4f2050bb" ON "comps_comp_champions" ("comp_id");
CREATE INDEX "comps_comp_champions_champion_id_219878cb" ON "comps_comp_champions" ("champion_id");
CREATE INDEX "portals_portal_portal_type_id_104dbd20" ON "portals_portal" ("portal_type_id");
CREATE INDEX "medias_photo_augment_id_4c39012e" ON "medias_photo" ("augment_id");
CREATE INDEX "medias_photo_champion_id_b097589c" ON "medias_photo" ("champion_id");
CREATE INDEX "medias_photo_job_id_8658b2ba" ON "medias_photo" ("job_id");
CREATE INDEX "medias_photo_origin_id_04fe8128" ON "medias_photo" ("origin_id");
CREATE INDEX "medias_photo_skill_id_242a7f29" ON "medias_photo" ("skill_id");
CREATE INDEX "medias_photo_item_id_a753df1e" ON "medias_photo" ("item_id");
CREATE INDEX "medias_photo_encounter_id_e77799ee" ON "medias_photo" ("encounter_id");
CREATE INDEX "medias_photo_portal_id_aeb3cc37" ON "medias_photo" ("portal_id");
COMMIT;
